-- Nazionalità -----
INSERT INTO Nazionalita (idNazionalita, Descrizione) VALUES
	(0, "Sconosciuta"),
	(1, "Italiana"),
	(2, "Inglese");

-- Generi -----
INSERT INTO Generi (idGenere, Descrizione) VALUES
	(0, "N/D"),
	(1, "Attualità"),
	(2, "Pedagogia e psicologia"),
	(3, "Critica letteraria"),
	(4, "Psicologia e pedagogia"),
	(5, "Aprilia"),
	(6, "Politica"),
	(7, "Storia e filosofia"),
	(8, "Territorio");

-- Tipologie -----
INSERT INTO Tipologie (idTipologia, Descrizione) VALUES
	(0, "N/D"),
	(1, "Rivista"),
	(2, "Saggio"),
	(3, "Raccolta di documenti"),
	(4, "Raccolta di leggi"),
	(5, "Guida"),
	(6, "Scuola"),
	(7, "Raccolta fotografica"),
	(8, "Biografia"),
	(9, "Raccolta di studi e ricerche"),
	(10, "Manuale"),
	(11, "Dizionario"),
	(12, "Diario"),
	(13, "Romanzo"),
	(14, "Rapporto"),
	(15, "Raccolta"),
	(16, "Autobiografia"),
	(17, "Raccolta di memorie"),
	(18, "Storia fotografica fumetti"),
	(19, "Mostra"),
	(20, "Atlante"),
	(21, "Catalogo"),
	(22, "Illustrazione"),
	(23, "Mostra fotografica");

-- Editori -----
INSERT INTO Editori (idEditore, Nome, Descrizione) VALUES
	(0, "N/D", NULL),
	(1, "Il Mulino", NULL),
	(2, "Usis", NULL),
	(3, "Feltrinelli", NULL),
	(4, "Epc", NULL),
	(5, "Rusconi", NULL),
	(6, "Emi", NULL),
	(7, "Red Edizioni", NULL),
	(8, "Le Monnier", NULL),
	(9, "Laterza", NULL),
	(10, "Bur", NULL),
	(11, "Springer", NULL),
	(12, "Senato Della Repubblica", NULL),
	(13, "Formez", NULL),
	(14, "Idos", NULL),
	(15, "21 Secolo", NULL),
	(16, "Luigi Tarantola", NULL),
	(17, "Mondatori", NULL),
	(18, "Ega", NULL),
	(19, "Presidenza Del Consiglio Dei Ministri", NULL),
	(20, "X Trade", NULL),
	(21, "Paramond", NULL),
	(22, "Tramontana", NULL),
	(23, "Società Olivetti", NULL),
	(24, "Pacini", NULL),
	(25, "Edizioni Di Comunità", NULL),
	(26, "Edizioni Messaggero Padova", NULL),
	(27, "Loffredo Editore", NULL),
	(28, "Edigraf", NULL),
	(29, "Il Sole 24 Ore", NULL),
	(30, "Piccola Biblioteca Einaudi", NULL),
	(31, "Marsilio", NULL),
	(32, "Einaudi", NULL),
	(33, "Sperling  Kupfer Economica", NULL),
	(34, "Editori Meridionali Riuniti", NULL),
	(35, "Nuova Editrice Spada", NULL),
	(36, "Rizzoli", NULL),
	(37, "Coletti", NULL),
	(38, "Club Degli Editori", NULL),
	(39, "Mythos", NULL),
	(40, "La Città Del Sole", NULL),
	(41, "Istituto Tecnico Commerciale  Vittorio Veneto  Di Latina", NULL),
	(42, "Minerva Italica", NULL),
	(43, "Cremonese", NULL),
	(44, "Cremona Nuova", NULL),
	(45, "S.e.i.", NULL),
	(46, "Edizioni Della Voce", NULL),
	(47, "Miur", NULL),
	(48, "Mondadori", NULL),
	(49, "Giunti & Lisciani", NULL),
	(50, "Newton Compton", NULL),
	(51, "A. Barion", NULL),
	(52, "Pratiche Editrice", NULL),
	(53, "Strumenti Editori Riuniti", NULL),
	(54, "Edizioni Nuova Spada", NULL),
	(55, "Zanichelli", NULL),
	(56, "Herbita", NULL),
	(57, "Antenore", NULL),
	(58, "Carlo Delfino", NULL),
	(59, "G. D'anna", NULL),
	(60, "Giunti", NULL),
	(61, "Edizioni Simone", NULL),
	(62, "Società Editrice Il Mulino Bologna", NULL),
	(63, "Società Editrice Internazionale", NULL),
	(64, "Newton Compton Editori", NULL),
	(65, "La Nuova Italia Editrice", NULL),
	(66, "La Scuola", NULL),
	(67, "Sansoni", NULL),
	(68, "Tipar Poligrafica Editrice", NULL),
	(69, "Comune Di Aprilia", NULL),
	(70, "Edizioni Comunità", NULL),
	(71, "Moderata Durant", NULL),
	(72, "Herald Editore", NULL),
	(73, "Elsa Di Mambro Editore", NULL),
	(74, "Palombi Editori", NULL),
	(75, "Arti Grafiche Kolbe   Fondi", NULL),
	(76, "Edi.pa.r.", NULL),
	(77, "Editrice M.ciranna", NULL),
	(78, "Tipografia Di Lelio", NULL),
	(79, "Paolo Sorba Editore", NULL),
	(80, "Avis Comunale Di Aprilia", NULL),
	(81, "Comune Di Cori", NULL),
	(82, "A.n.e.i.", NULL),
	(83, "Coordinamento Delle Libere Professioni Di Aprilia", NULL),
	(84, "Edizioni Horus", NULL),
	(85, "Paleani Editrice", NULL),
	(86, "Casa Editrice Quasar", NULL),
	(87, "Associazione Culturale Sarasota", NULL),
	(88, "Editori Laterza", NULL),
	(89, "Longanesi & C.", NULL),
	(90, "Edizioni Virgilio", NULL),
	(91, "Cedam", NULL),
	(92, "Leo S.olschki", NULL),
	(93, "Il Ministero Degli Affari Interni", NULL),
	(94, "Sperling & Kupfer", NULL),
	(95, "Fondazione Achille E Giulia Boroli", NULL),
	(96, "Società Editrice Internazionale Torino", NULL),
	(97, "Scriptorium", NULL),
	(98, "Mazzotta Editore", NULL),
	(99, "Franco Angeli Editore", NULL),
	(100, "Inveneto", NULL),
	(101, "Biblioteca Della Est", NULL),
	(102, "Ferraro", NULL),
	(103, "Edizioni Dell'arco", NULL),
	(104, "Unar", NULL),
	(105, "Osservatorio Permanente", NULL),
	(106, "Commissione Europea", NULL),
	(107, "Buffetti Editore", NULL),
	(108, "Ega Editore", NULL),
	(109, "Istituto Poligrafico E Zecca Dello Stato", NULL),
	(110, "Sandro Teti Editore", NULL),
	(111, "Newton", NULL),
	(112, "Einaud Scuola", NULL),
	(113, "Savelli", NULL),
	(114, "Lemonnier", NULL),
	(115, "Multigrafica Editrice", NULL),
	(116, "United States Information Service", NULL),
	(117, "Amministrazione Provincia Latina", NULL),
	(118, "De Agostini", NULL),
	(119, "Edizioni Parallelo 38", NULL),
	(120, "Edizoni Di Comunità", NULL),
	(121, "Edizioni Di Comunuità", NULL),
	(122, "Edizioni Studio Tesi", NULL),
	(123, "Borla", NULL),
	(124, "Lemonierr", NULL),
	(125, "Provincia Di Roma", NULL),
	(126, "Teameia Cultura", NULL),
	(127, "Collezione Leone", NULL),
	(128, "Poligraf Srl", NULL),
	(129, "Tipografia Fabreschi", NULL),
	(130, "Graficart", NULL),
	(131, "Edizioni Quasar", NULL),
	(132, "G. De Filippis", NULL),
	(133, "Grafica Bianconi", NULL),
	(134, "Polis Expresse", NULL),
	(135, "Tipografia Litografia Monti", NULL),
	(136, "Bur Rizzoli", NULL),
	(137, "Garzanti", NULL),
	(138, "Sperling  Kupfer", NULL),
	(139, "Maschietto Editore", NULL),
	(140, "Gangemi Editore", NULL),
	(141, "Giuseppe De Filippis", NULL),
	(142, "Provincia Di Latina", NULL),
	(143, "Tipografia Grafica Bianconi", NULL),
	(144, "Biblioteca Comunale Di Campodimele", NULL),
	(145, "Consiglio Regionale Del Lazio", NULL),
	(146, "Comune Di Terracina", NULL),
	(147, "Regione Lazio", NULL),
	(148, "Quasar", NULL),
	(149, "Pratiche", NULL),
	(150, "Fondazione Banca Popolare Di Novara", NULL),
	(151, "Banca D'italia", NULL),
	(152, "Itinera", NULL),
	(153, "Atti", NULL),
	(154, "Mariano Tomei", NULL),
	(155, "Istituto Geografico De Agostini", NULL),
	(156, "Uspi", NULL),
	(157, "Associazione Culturale Pontina", NULL),
	(158, "Ministero Per I Beni Culturali Ed Ambientali", NULL),
	(159, "Amministrazione Comunale Di Jenne", NULL),
	(160, "Istituto Di Studi Federalisti Altiero Spinelli", NULL),
	(161, "Edizioni Terre Latine", NULL),
	(162, "Associazione Italia Francia Per L'europa", NULL),
	(163, "Federazione Delle Associazioni Degli Esuli", NULL),
	(164, "Cepig", NULL),
	(165, "Associazione Cornelia", NULL),
	(166, "Parco Naturale Regionale Dei Monti Simbruni", NULL),
	(167, "Emmebi", NULL),
	(168, "Il Lavoro Editoriale", NULL),
	(169, "Apt Basilicata", NULL),
	(170, "Edizioni Teameia Cultura", NULL),
	(171, "Città Di Latina", NULL),
	(172, "Socità Editrice Internazionale Torino", NULL),
	(173, "Stampa Italgrafica", NULL),
	(174, "Zanichelli Bologna", NULL),
	(175, "Nicola Zanichelli Editore", NULL),
	(176, "Nicola Zanichelli Editore Bologna", NULL),
	(177, "Zanichelli Editore", NULL),
	(178, "Corriere Della Sera", NULL),
	(179, "Angelo Signorelli Editore/roma", NULL);

-- Collane -----
INSERT INTO Collane (idCollana, Nome) VALUES
	(0, "N/D"),
	(1, "Quaderni Di Italia Lavoro"),
	(2, "Nuovi Testi"),
	(3, "Sicurezza"),
	(4, "Immagini Del Profondo"),
	(5, "Scuola E Azienda"),
	(6, "Saggi Tascabili"),
	(7, "I Bestseller 2001"),
	(8, "Studi E Documenti Degli Annali Della Pubblica Istruzione"),
	(9, "L'euro"),
	(10, "Strumenti"),
	(11, "Oscar Mondatori"),
	(12, "Nuovi Protagonisti Modulo S"),
	(13, "Il Mondo Di Diritto Ed Economia"),
	(14, "Biblioteca Della Est"),
	(15, "Quaderni Del Circolo Rosselli"),
	(16, "Rapporti Sulle Scienze Sociali"),
	(17, "I Libri Di Alpha"),
	(18, "Contributo All'analisi Del Sistema Comunitario Europeo"),
	(19, "Italia Oggi"),
	(20, "Studi E Ricerche Di Scienze Sociali"),
	(21, "Quale Futuro"),
	(22, "Quaderni"),
	(23, "Superbur Saggi"),
	(24, "Psicologia E Società"),
	(25, "Paperbacks Saggi"),
	(26, "Nuovo Politecnico"),
	(27, "La Universale Barion"),
	(28, "Gli Scrittori"),
	(29, "Piccola Biblioteca Einaudi"),
	(30, "A  A  A "),
	(31, "Le Forme Del Discorso"),
	(32, "Strumenti Per La Ricerca Interdisciplinare"),
	(33, "Critica Letteria Contemporanea"),
	(34, "Oscar Mondadori   Per Conoscere"),
	(35, "Letteratura Italiana Laterza"),
	(36, "Nuovi Saggi"),
	(37, "La Ricerca Letteraria"),
	(38, "Vulgares Eloquentes"),
	(39, "Einaudi Paperbacks"),
	(40, "Percorsi Treccani"),
	(41, "Saggi Di Cultura Contemporanea"),
	(42, "Collana Di Orientamenti Pedagogici"),
	(43, "Biblioteca Di Cultura"),
	(44, "Ambienti Di Particolare Interesse Naturalistico Del Lazio"),
	(45, "Aprilia Il Borgo E La Città"),
	(46, "Frammenti"),
	(47, "Biblioteca Di Studi Politici"),
	(48, "Consiglio Nazionale Delle Ricerche"),
	(49, "Il Cammeo"),
	(50, "Le Scie"),
	(51, "I Classici Del Pensiero Libero"),
	(52, "Sagg Di Cultura Contemporanea"),
	(53, "Urbanistica Opere Pubbliche Espropriazioni"),
	(54, "Frecce"),
	(55, "Corti Di Carta"),
	(56, "Studio E Ricerche Di Scienze Sociali"),
	(57, "Rivista Di Storia Delle Idee Politiche E Sociali"),
	(58, "Collana Di Scienza Politica  E Relazioni Internazionali"),
	(59, "Collezione Normativa"),
	(60, "Letture Storiche"),
	(61, "Einaudi Tascabili"),
	(62, "I Linri Da Leggere"),
	(63, "Economica Laterza"),
	(64, "Cultura Politica"),
	(65, "Oscar Studio"),
	(66, "Universale Laterza"),
	(67, "Tempi Nuovi Laterza"),
	(68, "Einaudi Contemporamea"),
	(69, "Educazione Nuova"),
	(70, "I Classici Di Tutti I Paesi"),
	(71, "Grandi Tascabili Economici"),
	(72, "Studio"),
	(73, "Universale Contemporanea"),
	(74, "Saggi Tascabili Laterza"),
	(75, "Oscar"),
	(76, "Salani Narrativa"),
	(77, "Basilicata In Tasca  Guida Turistica"),
	(78, "Comune Di Aprilia"),
	(79, "Cataloghi Dei Musei Locali E Delle Collezioni Del Lazio"),
	(80, "Raccolta Di Studi Sui Beni Culturali Ed Ambientali"),
	(81, "Collana Henry Dunant E Croce Rossa Diretta Da Paolo Vanni"),
	(82, "Satricum"),
	(83, "Prima Serie Volume 1"),
	(84, "Prima Serie Volume 2"),
	(85, "Prima Serie Volume 6"),
	(86, "Prima Serie Volume 5"),
	(87, "Prima Serie Volume 4"),
	(88, "Prima Serie Volume 3"),
	(89, "Prima Serie Volume 12"),
	(90, "Prima Serie Volume 11"),
	(91, "Prima Serie Volume 10"),
	(92, "Prima Serie Volume 9"),
	(93, "Secondo Serie Volume 13"),
	(94, "Secondo Serie Volume 12"),
	(95, "Secondo Serie Volume 11"),
	(96, "Secondo Serie Volume 10"),
	(97, "Seconda Serie Volume 9"),
	(98, "Seconda Serie Volume 6 Parte 4"),
	(99, "Seconda Serie Volume 6 Parte 2"),
	(100, "Seconda Serie Volume 6 Parte 1"),
	(101, "Seconda Serie Volume 6 Parte 3"),
	(102, "Secondo Serie Volume 5"),
	(103, "Secondo Serie Volume 4"),
	(104, "Secondo Serie Volume 3"),
	(105, "Secondo Serie Volume 1");

-- Lingue -----
INSERT INTO Lingue (idLingua, Descrizione, Abbreviazione) VALUES
	(0, "N/D", "ND"),
	(1, "Italiano", "IT"),
	(2, "Inglese", "IN");

-- Autori -----
INSERT INTO Autori (idAutore, NomeAutore, CognomeAutore, DataNascita, idNazionalita, idCittaNascita) VALUES
	(0, "", "N/D", '2000-01-01', 0, 1),
	(1, "", "AA.VV.", '2000-01-01', 0, 1),
	(2, "Guido", "Viale", '2000-01-01', 1, 1),
	(3, "Giuseppe", "Parenti", '2000-01-01', 1, 1),
	(4, "", "Zorzoli", '2000-01-01', 1, 1),
	(5, "", "Ruggieri", '2000-01-01', 1, 1),
	(6, "", "Marinelli", '2000-01-01', 1, 1),
	(7, "Elveno", "Pastorelli", '2000-01-01', 1, 1),
	(8, "", "Sesana", '2000-01-01', 1, 1),
	(9, "", "Schellenbaum", '2000-01-01', 2, 1),
	(10, "Roberto", "Sangalli", '2000-01-01', 1, 1),
	(11, "", "Pietropolli", '2000-01-01', 1, 1),
	(12, "Beppe", "Severgnini", '2000-01-01', 1, 1),
	(13, "", "Santacroce", '2000-01-01', 1, 1),
	(14, "", "Mobili", '2000-01-01', 1, 1),
	(15, "", "N/d", '2000-01-01', 2, 1),
	(16, "", "Greissing", '2000-01-01', 2, 1),
	(17, "", "Zillo", '2000-01-01', 1, 1),
	(18, "Adele", "Gruppo", '2000-01-01', 1, 1),
	(19, "La", "Fondazione Per", '2000-01-01', 2, 1),
	(20, "Carla", "Fortino", '2000-01-01', 1, 1),
	(21, "Lucia", "Rossi", '2000-01-01', 1, 1),
	(22, "", "Meadows.d.h", '2000-01-01', 2, 1),
	(23, "", "Meadows.d.l", '2000-01-01', 2, 1),
	(24, "", "Randers", '2000-01-01', 2, 1),
	(25, "", "Behrens", '2000-01-01', 2, 1),
	(26, "", "Nencioni", '2000-01-01', 1, 1),
	(27, "", "Ammassari", '2000-01-01', 1, 1),
	(28, "", "Accinni", '2000-01-01', 1, 1),
	(29, "", "Cavalleri", '2000-01-01', 1, 1),
	(30, "", "Albanese", '2000-01-01', 1, 1),
	(31, "", "Monti", '2000-01-01', 1, 1),
	(32, "", "Bagnulo", '2000-01-01', 1, 1),
	(33, "", "Balocco", '2000-01-01', 1, 1),
	(34, "", "Gandini", '2000-01-01', 1, 1),
	(35, "", "Barbagallo", '2000-01-01', 1, 1),
	(36, "", "Caprotti", '2000-01-01', 1, 1),
	(37, "", "Ripellino", '2000-01-01', 1, 1),
	(38, "", "Sears", '2000-01-01', 2, 1),
	(39, "", "Papisca", '2000-01-01', 1, 1),
	(40, "", "Pensuti", '2000-01-01', 1, 1),
	(41, "", "Pierpaoli", '2000-01-01', 1, 1),
	(42, "", "Regelson", '2000-01-01', 2, 1),
	(43, "", "Colman", '2000-01-01', 2, 1),
	(44, "", "Poltini", '2000-01-01', 1, 1),
	(45, "", "Hoyle", '2000-01-01', 1, 1),
	(46, "", "Wickramasinghe", '2000-01-01', 1, 1),
	(47, "", "D'andrea", '2000-01-01', 1, 1),
	(48, "", "Ferrarotti", '2000-01-01', 1, 1),
	(49, "", "Vitelli", '2000-01-01', 1, 1),
	(50, "", "Vona", '2000-01-01', 1, 1),
	(51, "", "Zavoli", '2000-01-01', 1, 1),
	(52, "", "Toschi", '2000-01-01', 1, 1),
	(53, "", "Treves", '2000-01-01', 2, 1),
	(54, "Vittorino", "Andreoli", '2000-01-01', 1, 1),
	(55, "Leplat", "Cuny", '2000-01-01', 2, 1),
	(56, "", "Levy Bruhl", '2000-01-01', 2, 1),
	(57, "", "Laing", '2000-01-01', 2, 1),
	(58, "", "Desanctis", '2000-01-01', 2, 1),
	(59, "Andrea", "Battistini", '2000-01-01', 1, 1),
	(60, "Anna", "Storti Abate", '2000-01-01', 1, 1),
	(61, "Francesco", "Fiorentino", '2000-01-01', 1, 1),
	(62, "Paolo", "Sipala M.", '2000-01-01', 1, 1),
	(63, "Luigi", "Martellini", '2000-01-01', 1, 1),
	(64, "Michail", "Bachtin", '2000-01-01', 2, 1),
	(65, "Gianni", "Celati", '2000-01-01', 1, 1),
	(66, "Michel", "Butor", '2000-01-01', 2, 1),
	(67, "Isabella", "Gherarduucci", '2000-01-01', 1, 1),
	(68, "Domenico", "Consoli", '2000-01-01', 1, 1),
	(69, "Paola", "Pugliatti", '2000-01-01', 1, 1),
	(70, "Tito", "Pasqualetti", '2000-01-01', 1, 1),
	(71, "", "Demaria", '2000-01-01', 1, 1),
	(72, "Salvatore", "Nigro", '2000-01-01', 1, 1),
	(73, "Emanula", "Scarano Lugnani", '2000-01-01', 1, 1),
	(74, "Giuseppe", "Savoca", '2000-01-01', 1, 1),
	(75, "Ford", "Ford Madox", '2000-01-01', 2, 1),
	(76, "Erich", "Heller", '2000-01-01', 2, 1),
	(77, "Luigi", "Forte", '2000-01-01', 1, 1),
	(78, "Avalle", "D'arco Silvio", '2000-01-01', 1, 1),
	(79, "Paolo", "Sanna", '2000-01-01', 1, 1),
	(80, "Luigi", "Russo", '2000-01-01', 1, 1),
	(81, "", "Raimondi", '2000-01-01', 1, 1),
	(82, "", "Kissinger", '2000-01-01', 2, 1),
	(83, "", "Goldenson", '2000-01-01', 2, 1),
	(84, "", "Cooper", '2000-01-01', 2, 1),
	(85, "", "Coppola", '2000-01-01', 1, 1),
	(86, "", "Bergmann", '2000-01-01', 2, 1),
	(87, "", "Barbagli", '2000-01-01', 1, 1),
	(88, "", "Dei", '2000-01-01', 1, 1),
	(89, "", "Migliotti", '2000-01-01', 1, 1),
	(90, "", "Zanardo", '2000-01-01', 1, 1),
	(91, "", "Tassi", '2000-01-01', 1, 1),
	(92, "", "Piaget", '2000-01-01', 2, 1),
	(93, "", "Milani", '2000-01-01', 1, 1),
	(94, "", "Comparetti", '2000-01-01', 1, 1),
	(95, "", "Mattei", '2000-01-01', 1, 1),
	(96, "", "Marino", '2000-01-01', 1, 1),
	(97, "", "Marzi", '2000-01-01', 1, 1),
	(98, "", "Malvezzi", '2000-01-01', 1, 1),
	(99, "", "Marchini", '2000-01-01', 1, 1),
	(100, "", "Romoli", '2000-01-01', 1, 1),
	(101, "", "Lisetti", '2000-01-01', 1, 1),
	(102, "", "Casale", '2000-01-01', 1, 1),
	(103, "", "Nasi", '2000-01-01', 1, 1),
	(104, "", "Pecchia", '2000-01-01', 1, 1),
	(105, "", "Ruggiero", '2000-01-01', 1, 1),
	(106, "", "Roccia", '2000-01-01', 1, 1),
	(107, "", "Ridolfi", '2000-01-01', 1, 1),
	(108, "", "Depalma", '2000-01-01', 1, 1),
	(109, "", "Martinet", '2000-01-01', 2, 1),
	(110, "", "Pasquali", '2000-01-01', 1, 1),
	(111, "", "Migliore", '2000-01-01', 1, 1),
	(112, "", "Perotto", '2000-01-01', 1, 1),
	(113, "", "Formato", '2000-01-01', 1, 1),
	(114, "", "Piasenti", '2000-01-01', 1, 1),
	(115, "", "Broccoli", '2000-01-01', 1, 1),
	(116, "", "Bianchi", '2000-01-01', 1, 1),
	(117, "", "Forte", '2000-01-01', 1, 1),
	(118, "", "Zola", '2000-01-01', 1, 1),
	(119, "", "Mannoni", '2000-01-01', 1, 1),
	(120, "Colosimo", "D'addio", '2000-01-01', 1, 1),
	(121, "", "Ullmann", '2000-01-01', 2, 1),
	(122, "", "Prieto", '2000-01-01', 1, 1),
	(123, "Francesco", "Forte", '2000-01-01', 1, 1),
	(124, "", "Erdman", '2000-01-01', 2, 1),
	(125, "David", "Easton", '2000-01-01', 2, 1),
	(126, "", "Snow", '2000-01-01', 2, 1),
	(127, "Mario", "Silvestri", '2000-01-01', 1, 1),
	(128, "Gfiovanni", "Sartori", '2000-01-01', 1, 1),
	(129, "Sergio", "Romano", '2000-01-01', 1, 1),
	(130, "William", "Rodgers", '2000-01-01', 2, 1),
	(131, "Carlo", "Rosselli", '2000-01-01', 1, 1),
	(132, "Ilio", "Corti", '2000-01-01', 1, 1),
	(133, "Maurice", "Duverger", '2000-01-01', 2, 1),
	(134, "Riccardo", "Caccin", '2000-01-01', 2, 1),
	(135, "Vittori", "Zucconi", '2000-01-01', 1, 1),
	(136, "Roberto", "Saviano", '2000-01-01', 1, 1),
	(137, "", "Solzenitsyn", '2000-01-01', 2, 1),
	(138, "Sandro", "Vita", '2000-01-01', 1, 1),
	(139, "", "Doris", '2000-01-01', 2, 1),
	(140, "", "Corneli", '2000-01-01', 1, 1),
	(141, "", "Ciotti", '2000-01-01', 1, 1),
	(142, "", "Berta", '2000-01-01', 1, 1),
	(143, "", "Berselli", '2000-01-01', 1, 1),
	(144, "", "Belotti", '2000-01-01', 1, 1),
	(145, "", "Giorgi", '2000-01-01', 1, 1),
	(146, "", "He", '2000-01-01', 1, 1),
	(147, "", "Huntington", '2000-01-01', 2, 1),
	(148, "Malfa", "La", '2000-01-01', 1, 1),
	(149, "", "Malvestio", '2000-01-01', 1, 1),
	(150, "", "Pierce", '2000-01-01', 1, 1),
	(151, "", "Piscopo", '2000-01-01', 1, 1),
	(152, "", "D'elia", '2000-01-01', 1, 1),
	(153, "", "Alferov", '2000-01-01', 2, 1),
	(154, "", "Daco", '2000-01-01', 1, 1),
	(155, "Daniele", "Menozzi", '2000-01-01', 1, 1),
	(156, "Alberto", "Caracciolo", '2000-01-01', 1, 1),
	(157, "Franco", "Venturi", '2000-01-01', 1, 1),
	(158, "George", "Vaillant", '2000-01-01', 2, 1),
	(159, "", "Power", '2000-01-01', 2, 1),
	(160, "Leonardo", "Ancona", '2000-01-01', 1, 1),
	(161, "", "Febvre", '2000-01-01', 1, 1),
	(162, "", "Howarth", '2000-01-01', 2, 1),
	(163, "", "Bergeron", '2000-01-01', 2, 1),
	(164, "Renzo", "Del Carria", '2000-01-01', 1, 1),
	(165, "Douglass", "North", '2000-01-01', 2, 1),
	(166, "Paul", "Thomas Robert", '2000-01-01', 2, 1),
	(167, "Rosario", "Villari", '2000-01-01', 1, 1),
	(168, "Piero", "Angela", '2000-01-01', 1, 1),
	(169, "", "Alberto", '2000-01-01', 1, 1),
	(170, "", "Cannistraro", '2000-01-01', 1, 1),
	(171, "Ernest", "Klee", '2000-01-01', 1, 1),
	(172, "Sergio", "Moravia", '2000-01-01', 1, 1),
	(173, "", "Delucia", '2000-01-01', 1, 1),
	(174, "Giuseppe", "Pellingra", '2000-01-01', 1, 1),
	(175, "Aldo", "Di Biasio", '2000-01-01', 1, 1),
	(176, "", "Plutarco", '2000-01-01', 1, 1),
	(177, "Bianca", "Ceva", '2000-01-01', 1, 1),
	(178, "", "Gandhi", '2000-01-01', 1, 1),
	(179, "Angelo", "Amato", '2000-01-01', 1, 1),
	(180, "Giovanni", "Spadolini", '2000-01-01', 1, 1),
	(181, "Francis", "Conte", '2000-01-01', 1, 1),
	(182, "Agnoletto", "Abbiati.", '2000-01-01', 1, 1),
	(183, "", "Lazzati", '2000-01-01', 1, 1),
	(184, "Mirella", "Bartolotti", '2000-01-01', 1, 1),
	(185, "Michele", "Lanza", '2000-01-01', 1, 1),
	(186, "Nicola", "Tranfaglia", '2000-01-01', 1, 1),
	(187, "", "Defelice", '2000-01-01', 1, 1),
	(188, "Georges", "Friedmann", '2000-01-01', 2, 1),
	(189, "Lev", "Trotskij", '2000-01-01', 2, 1),
	(190, "", "Cartesio", '2000-01-01', 1, 1),
	(191, "", "Talmon", '2000-01-01', 2, 1),
	(192, "Orlando", "Todisco", '2000-01-01', 1, 1),
	(193, "Luciano", "Guerci", '2000-01-01', 1, 1),
	(194, "Aldo", "Zeldi", '2000-01-01', 1, 1),
	(195, "Bertrand", "Russel", '2000-01-01', 2, 1),
	(196, "Gianni", "Scalia", '2000-01-01', 1, 1),
	(197, "Romeo", "Salmoni Rubino", '2000-01-01', 1, 1),
	(198, "Silvano", "Casaldi", '2000-01-01', 1, 1),
	(199, "Palombi", "Domenico", '2000-01-01', 1, 1),
	(200, "Padula", "Maria", '2000-01-01', 1, 1),
	(201, "Cornelia", "Associazione", '2000-01-01', 1, 1),
	(202, "Nencini", "Pietro", '2000-01-01', 1, 1),
	(203, "Sanfilippo", "Beatrice", '2000-01-01', 1, 1),
	(204, "Lollobrigida", "Fabrizio", '2000-01-01', 1, 1),
	(205, "Sottoriva", "Piergiacomo", '2000-01-01', 1, 1),
	(206, "Chini", "Paola", '2000-01-01', 1, 1),
	(207, "Di", "Anna Fusco", '2000-01-01', 1, 1),
	(208, "Filippis", "G. De", '2000-01-01', 1, 1),
	(209, "Angelini", "Edomndo", '2000-01-01', 1, 1),
	(210, "Solferini", "Stefano", '2000-01-01', 1, 1),
	(211, "", "Hessel", '2000-01-01', 2, 1),
	(212, "", "Abravanel", '2000-01-01', 2, 1),
	(213, "", "Giovannelli", '2000-01-01', 1, 1),
	(214, "", "Andreoli", '2000-01-01', 1, 1),
	(215, "", "Deangelis", '2000-01-01', 2, 1),
	(216, "", "Defilippis", '2000-01-01', 2, 1),
	(217, "", "Ciccone", '2000-01-01', 1, 1),
	(218, "", "Angelini", '2000-01-01', 1, 1),
	(219, "", "Deconciliis", '2000-01-01', 2, 1),
	(220, "", "Reggiani", '2000-01-01', 1, 1),
	(221, "", "Crimaco", '2000-01-01', 1, 1),
	(222, "", "Rocci", '2000-01-01', 1, 1),
	(223, "", "Hoeben", '2000-01-01', 2, 1),
	(224, "", "Tofani", '2000-01-01', 1, 1),
	(225, "", "Crispolti", '2000-01-01', 1, 1),
	(226, "", "Bosco", '2000-01-01', 1, 1),
	(227, "", "Frezzotti", '2000-01-01', 1, 1),
	(228, "", "Modica", '2000-01-01', 1, 1),
	(229, "", "Peroni", '2000-01-01', 1, 1),
	(230, "", "Tomei", '2000-01-01', 1, 1),
	(231, "", "Iannuccelli", '2000-01-01', 1, 1),
	(232, "", "Annibale", '2000-01-01', 1, 1),
	(233, "", "Mannucci", '2000-01-01', 1, 1),
	(234, "", "Fratticci", '2000-01-01', 1, 1),
	(235, "", "Cassatella", '2000-01-01', 1, 1),
	(236, "", "Ceccarelli", '2000-01-01', 1, 1),
	(237, "", "Lulli", '2000-01-01', 1, 1),
	(238, "", "Pirrone", '2000-01-01', 1, 1),
	(239, "", "Pelliccioni", '2000-01-01', 1, 1),
	(240, "", "Gavillucci", '2000-01-01', 1, 1),
	(241, "", "Pacilli", '2000-01-01', 1, 1),
	(242, "", "Francesconi", '2000-01-01', 1, 1),
	(243, "", "Ballarin", '2000-01-01', 2, 1),
	(244, "", "Nencini", '2000-01-01', 1, 1),
	(245, "", "Lollobrigida", '2000-01-01', 1, 1),
	(246, "", "Ceci", '2000-01-01', 1, 1),
	(247, "", "Chini", '2000-01-01', 1, 1),
	(248, "Gizzi", "Chiarucci E", '2000-01-01', 2, 1),
	(249, "", "Pepi", '2000-01-01', 1, 1),
	(250, "Tetro", "Cardone E", '2000-01-01', 2, 1),
	(251, "Vittori", "Massimiliano", '2000-01-01', 1, 1),
	(252, "Bosco", "Teresio", '2000-01-01', 1, 1),
	(253, "Steffanina", "Antonio Poggi", '2000-01-01', 1, 1),
	(254, "Sturzo", "Luigi", '2000-01-01', 1, 1),
	(255, "Bertinetto", "Pier Marco", '2000-01-01', 1, 1);

-- Enti -----
INSERT INTO Enti (idEnte, NomeEnte) VALUES
	(1, "I.S. Rosselli Aprilia");

-- Biblioteche -----
INSERT INTO Biblioteche (idBiblioteca, Email, TelefonoFisso, Principale, ViaPzz, NumeroCivico, Citta, SitoWeb, NomeBiblioteca, EnteAppartenente) VALUES
	(1, "ltis004008@istruzione.it", "0692063631", 1, "Via Carroceto", NULL, 173, "http://isrosselliaprilia.gov.it", "Biblioteca Rosselli", 1);

-- Edifici -----
INSERT INTO Edifici (idEdificio, Descrizione, idBiblioteca) VALUES
	(1, "Sede Est", 1);

-- Piani -----
INSERT INTO Piani (idPiano, Numero, idEdificio) VALUES
	(1, 1, 1);

-- Sezioni -----
INSERT INTO Sezioni (idSezione, Descrizione, idPiano) VALUES
	(1, "Libri del Rosselli", 1);

-- Libri -----
INSERT INTO Libri (ISBN, Titolo, Descrizione, AnnoPubblicazione, DataAggiunta, idGenere, idTipo, idEditore, idCollana, idLingua) VALUES
	('N000000000001', "Opportunità occupazionali e creazione di impresa nella gestione dei rifiuti ", NULL, 2000, '2019-2-30', 1, 0, 0, 1, 1),
	('N000000000002', "Soluzione e impiego di modelli econometrici", NULL, 1974, '2019-2-30', 1, 0, 1, 0, 1),
	('N000000000003', "Un governo eretto dal popolo", NULL, 1959, '2019-2-30', 1, 0, 2, 0, 1),
	('N000000000004', "Ricerca sull'integrazione e l'accoglienza dei minori stranieri nelle scuole della provincia di Latina", NULL, 2007, '2019-2-30', 1, 0, 0, 0, 1),
	('N000000000005', "Il dilemma energetico", NULL, 1975, '2019-2-30', 1, 0, 3, 2, 1),
	('N018881841150', "Il piano di emergenza", NULL, 1997, '2019-2-30', 1, 0, 4, 3, 1),
	('N02881812031x', "La protezione civile oggi", NULL, 1987, '2019-2-30', 1, 0, 5, 0, 1),
	('N038830708674', "Occhi per l'Africa", NULL, 1999, '2019-2-30', 1, 0, 6, 0, 1),
	('N048870317404', "Tra uomini ", NULL, 1993, '2019-2-30', 1, 0, 7, 4, 1),
	('N000000000006', "Il fondo mondiale di solidarietà", NULL, NULL, '2019-2-30', 1, 1, 0, 0, 1),
	('N000000000007', "Lezione di educazione stradale", NULL, 2007, '2019-2-30', 1, 1, 8, 5, 1),
	('9788842087229', "Fragile e spavaldo ritratto dell'adolescente di oggi", NULL, 2009, '2019-2-30', 1, 2, 9, 6, 1),
	('9771129085087', "Inglesi", NULL, 2001, '2019-2-30', 1, 0, 10, 7, 1),
	('N000000000008', "L'educazione sanitaria", NULL, 1978, '2019-2-30', 1, 3, 8, 8, 1),
	('N000000000009', "L'euro e le tasse", NULL, 2001, '2019-2-30', 1, 2, 0, 9, 1),
	('N135405898880', "Gear motor handbook", NULL, 1995, '2019-2-30', 1, 2, 11, 0, 2),
	('N000000000010', "Dentro il senato della repubblica", NULL, 2010, '2019-2-30', 1, 2, 12, 0, 1),
	('N000115943674', "Scenari dell'allargamento dell'unione europea", NULL, 2007, '2019-2-30', 1, 2, 13, 10, 1),
	('9788864800523', "Osservatorio romano sulle migrazioni", NULL, 2016, '2019-2-30', 1, 2, 14, 0, 1),
	('N058887731144', "Popolazione, ambiente e sviluppo", NULL, 2002, '2019-2-30', 1, 2, 15, 0, 1),
	('N000000000011', "Carta dei diritti fondamentali dell'Unione Europea", NULL, NULL, '2019-2-30', 1, 0, 0, 0, 1),
	('N000000000012', "La cultura della legalità", NULL, 2010, '2019-2-30', 1, 2, 0, 0, 1),
	('N000000000013', "La Costituzione della Repubblica Italiana", NULL, 2008, '2019-2-30', 1, 4, 16, 0, 1),
	('N000000000014', "<<quando lo sciopero?>>", NULL, 1981, '2019-2-30', 1, 3, 0, 0, 1),
	('N068804373792', "Zilgrei", NULL, 1980, '2019-2-30', 1, 0, 17, 11, 1),
	('N000000000015', "Mai prima di mezzanotte", NULL, 2000, '2019-2-30', 1, 2, 18, 0, 1),
	('N000000000016', "Vita italiana", NULL, 1997, '2019-2-30', 1, 2, 19, 0, 1),
	('N000000000017', "Il pantentino", NULL, 2004, '2019-2-30', 1, 5, 20, 0, 1),
	('N078839572805', "I soggetti giuridici ed economici", NULL, 2000, '2019-2-30', 1, 6, 21, 12, 1),
	('N088823313848', "Il rapporto uomo-ambiente", NULL, 2000, '2019-2-30', 1, 6, 22, 13, 1),
	('N098823316731', "Impariamo il diritto ed economia", NULL, 2001, '2019-2-30', 1, 6, 22, 0, 1),
	('N000200238774', "I limiti dello sviluppo", NULL, 1972, '2019-2-30', 1, 2, 17, 14, 1),
	('N000000000018', "Servizi ed assistenza sociale di fabbrica ", NULL, 1963, '2019-2-30', 1, 7, 23, 0, 1),
	('9788869951138', "I Rosselli.Attualità di un ricordo", NULL, 2016, '2019-2-30', 1, 2, 24, 15, 1),
	('N000000000019', "Gli studi di relazioni industriali in Italia", NULL, 1972, '2019-2-30', 1, 2, 25, 16, 1),
	('N000000000020', "Energia per il futuro", NULL, 1972, '2019-2-30', 1, 2, 3, 0, 1),
	('9788825018127', "Ma io che c'entro?", NULL, 2009, '2019-2-30', 1, 2, 26, 0, 1),
	('N000000000021', "Terzo mondo e mercato internazionale", NULL, 1976, '2019-2-30', 1, 2, 27, 0, 1),
	('N000000000022', "I problemi dell'alimentazione italiana", NULL, 1976, '2019-2-30', 1, 2, 28, 0, 1),
	('N000000000023', "Il commercio elettronico", NULL, 2002, '2019-2-30', 1, 1, 29, 17, 1),
	('N108806135023', "La modernità squilibrata del mezzogiorno", NULL, 1989/91, '2019-2-30', 1, 2, 30, 0, 1),
	('N978883179372', "Falce e carrello", NULL, 2007, '2019-2-30', 1, 2, 31, 0, 1),
	('N118806127616', "Praga magica", NULL, 1973, '2019-2-30', 1, 0, 32, 0, 1),
	('9878860611949', "La zona omega 3^R x", NULL, 2003, '2019-2-30', 1, 2, 33, 0, 1),
	('N000000000024', "Comunità europea e sviluppo politico", NULL, 1974, '2019-2-30', 1, 2, 34, 18, 1),
	('N000000000025', "Guardia medica", NULL, 1987, '2019-2-30', 1, 2, 35, 0, 1),
	('N128817126829', "La fonte della giovinezza", NULL, 1995, '2019-2-30', 1, 0, 36, 0, 1),
	('N138878269247', "Segni e segnali", NULL, 1991, '2019-2-30', 1, 2, 37, 0, 1),
	('N000000000026', "La nuvola della vita", NULL, 1978, '2019-2-30', 1, 0, 38, 0, 1),
	('N000000000027', "Quando conviene la rivalutazione delle partecipazioni societarie", NULL, 2002, '2019-2-30', 1, 1, 39, 19, 1),
	('N000000000028', "Sindacati e potere negli Stati Uniti", NULL, 1961, '2019-2-30', 1, 2, 25, 20, 1),
	('N148882922588', "Enrico Tonti", NULL, 2004, '2019-2-30', 1, 8, 40, 0, 1),
	('N000000000029', "Giovani lavoro e ambiente", NULL, NULL, '2019-2-30', 1, 2, 41, 21, 1),
	('N000000000030', "I giorni tascabili", NULL, 1977, '2019-2-30', 1, 2, 42, 0, 1),
	('N000000000031', "Schemi e notizie di storia delle esplorazioni geografiche", NULL, 1968, '2019-2-30', 1, 0, 43, 0, 1),
	('N000000000032', "L'organizzazione amministrativa", NULL, 1966, '2019-2-30', 1, 2, 44, 20, 1),
	('N000000000033', "Orientamenti pedagogici", NULL, 1977, '2019-2-30', 2, 9, 45, 0, 1),
	('N000000000034', "Una scuola modello", NULL, 1975, '2019-2-30', 2, 2, 46, 0, 1),
	('N000000000035', "Didattica della comunicazione didattica", NULL, 2008, '2019-2-30', 2, 10, 47, 22, 1),
	('N000000000036', "Fisiologia e psicologia dello sport", NULL, 1986, '2019-2-30', 2, 2, 48, 14, 1),
	('N158817118044', "Giovani ", NULL, 1997, '2019-2-30', 2, 2, 10, 23, 1),
	('N168809500172', "Scuola e insegnamento negli USA ", NULL, 1987, '2019-2-30', 2, 2, 49, 0, 1),
	('N178805036250', "Introduzione alla psicologia del lavoro", NULL, 1977, '2019-2-30', 2, 2, 45, 24, 1),
	('N000000000037', "Psiche e società primitive", NULL, 1975, '2019-2-30', 2, 2, 50, 25, 1),
	('N000000000038', "Nodi", NULL, 1974, '2019-2-30', 2, 2, 32, 26, 1),
	('N000000000039', "Saggi e scritti critici vari - Studio sul Petrarca I", NULL, 1941, '2019-2-30', 3, 2, 51, 27, 1),
	('N000000000040', "Saggi e scritti critici vari - Saggi critici II", NULL, 1941, '2019-2-30', 3, 2, 51, 27, 1),
	('N000000000041', "Saggi e scritti critici vari - Saggi critici III", NULL, 1941, '2019-2-30', 3, 2, 51, 27, 1),
	('N000000000042', "Saggi e scritti critici vari - Saggi critici IV", NULL, 1941, '2019-2-30', 3, 2, 51, 27, 1),
	('N000000000043', "Saggi e scritti critici vari - Studi su Alessandro Manzoni V", NULL, 1941, '2019-2-30', 3, 2, 51, 27, 1),
	('N000000000044', "Saggi e scritti critici vari - La scuola liberale VI", NULL, 1941, '2019-2-30', 3, 2, 51, 27, 1),
	('N000000000045', "Saggi e scritti critici vari - La scuola democratica VII", NULL, 1941, '2019-2-30', 3, 2, 51, 27, 1),
	('N000000000046', "Saggi e scritti critici vari - Studio su Giacomo Leopardi VIII", NULL, 1941, '2019-2-30', 3, 2, 51, 27, 1),
	('N000000000047', "Storia della letteratura italiana I", NULL, 1943, '2019-2-30', 3, 2, 51, 27, 1),
	('N000000000048', "Storia della letteratura italiana II", NULL, 1943, '2019-2-30', 3, 2, 51, 0, 1),
	('N000000000049', "La giovinezza", NULL, 1942, '2019-2-30', 3, 2, 51, 0, 1),
	('N188842034177', "Inroduzione a Galilei", NULL, 1989, '2019-2-30', 3, 2, 9, 28, 1),
	('N198842033510', "Introduzione a Capuana", NULL, 1989, '2019-2-30', 3, 2, 9, 28, 1),
	('N208842034436', "Introduzione a Balzac", NULL, 1989, '2019-2-30', 3, 2, 9, 28, 1),
	('N218842032301', "Introduzione a De Roberto", NULL, 1988, '2019-2-30', 3, 2, 9, 28, 1),
	('N22884203391x', "Introduzione a Pasolini", NULL, 1989, '2019-2-30', 3, 2, 9, 28, 1),
	('N238806003909', "Dostoevskij", NULL, 1968, '2019-2-30', 3, 2, 32, 29, 1),
	('N248873800599', "Trattato del melodramma", NULL, 1985, '2019-2-30', 3, 2, 52, 30, 1),
	('N258806593943', "Finzioni occidentali", NULL, 1986, '2019-2-30', 3, 2, 32, 29, 1),
	('N000000000050', "6 saggi e 6 risposte su proust e sul romanzo", NULL, 1977, '2019-2-30', 3, 2, 52, 31, 1),
	('N000000000051', "Il futurismo italiano", NULL, 1975, '2019-2-30', 3, 2, 53, 32, 1),
	('N000000000052', "Critici romantici", NULL, 1979, '2019-2-30', 3, 2, 54, 0, 1),
	('N000000000053', "Lo sguardo nel racconto", NULL, 1985, '2019-2-30', 3, 2, 55, 33, 1),
	('N268879941178', "Contro simone", NULL, 2003, '2019-2-30', 3, 2, 56, 0, 1),
	('N000000000054', "Marinetti e il futurismo", NULL, 1973, '2019-2-30', 3, 2, 48, 34, 1),
	('N278842009455', "Manzoni", NULL, 1985, '2019-2-30', 3, 2, 9, 35, 1),
	('N000000000055', "Guicciardini e la crisi del rinascimento", NULL, 1979, '2019-2-30', 3, 2, 9, 35, 1),
	('N000000000056', "Parini e la poesia arcadica", NULL, 1981, '2019-2-30', 3, 2, 9, 35, 1),
	('N288873801226', "C'erano uomini forti ", NULL, 1991, '2019-2-30', 3, 2, 52, 36, 1),
	('N29887380151x', "Nell'eta della prosa", NULL, 1991, '2019-2-30', 3, 2, 52, 36, 1),
	('N000000000057', "La poesia dadaista tedesca", NULL, 1976, '2019-2-30', 3, 2, 32, 37, 1),
	('N000000000058', "Prinncipi di critica testuale", NULL, 1978, '2019-2-30', 3, 2, 57, 38, 1),
	('N308871381920', "L'altro pavese", NULL, 2000, '2019-2-30', 3, 2, 0, 0, 1),
	('N000000000059', "Antologia della critica letteraria II", NULL, NULL, '2019-2-30', 3, 2, 59, 0, 1),
	('N318806402463', "Il romanzo senza idillio", NULL, 1974, '2019-2-30', 3, 2, 32, 39, 1),
	('9788809848849', "TRA LETTERATURA E MONDO", NULL, 2017, '2019-2-30', 3, 2, 60, 40, 1),
	('N000000000060', "L'ora della scelta", NULL, 1961, '2019-2-30', 4, 2, 25, 41, 1),
	('N000000000061', "La mente umana", NULL, 1971, '2019-2-30', 4, 0, 55, 0, 1),
	('N328806125656', "La morte della famiglia", NULL, 1971, '2019-2-30', 4, 0, 32, 0, 1),
	('N338824452280', "Psicologia dello sviluppo ed educazione", NULL, 1999, '2019-2-30', 4, 2, 61, 0, 1),
	('N348806123130', "Anatomia dell'amore", NULL, 1992, '2019-2-30', 4, 0, 32, 0, 1),
	('N000000000062', "Le vestali della classe media", NULL, 1969, '2019-2-30', 4, 0, 62, 0, 1),
	('N000000000063', "Attività e tecniche educative nel tempo pieno", NULL, 1978, '2019-2-30', 4, 2, 63, 42, 1),
	('97888087171864', "Il corpo delle donne", NULL, 2010, '2019-2-30', 4, 0, 3, 0, 1),
	('N358808099164', "Itenerari pedagogici", NULL, 1993, '2019-2-30', 4, 0, 55, 0, 1),
	('N000000000064', "Le nozioni di movimento e velocità nel bambino", NULL, 1975, '2019-2-30', 4, 2, 64, 0, 1),
	('N000000000065', "Logica e psicologia", NULL, 1969, '2019-2-30', 4, 2, 65, 43, 1),
	('N000000000066', "Il linguaggio scientifico tra scienza e didattica", NULL, 1982, '2019-2-30', 4, 2, 66, 0, 1),
	('N368806179802', "Credere e curare ", NULL, 2005, '2019-2-30', 4, 2, 32, 0, 1),
	('N000000000067', "Psicologia", NULL, 1965, '2019-2-30', 4, 2, 67, 0, 1),
	('N000000000068', "Scuola in carcere", NULL, 1974, '2019-2-30', 4, 2, 3, 0, 1),
	('N000000000069', "Censimento del patrimonio vegetale del Lazio", NULL, 1966, '2019-2-30', 5, 2, 68, 44, 1),
	('N000000000070', "Signora maestra", NULL, NULL, '2019-2-30', 5, 1, 69, 0, 1),
	('N000000000071', "Conferenza donne e resistenza", NULL, 2016, '2019-2-30', 5, 1, 0, 0, 1),
	('N000000000072', "Statistiche sociali", NULL, 1988, '2019-2-30', 5, 2, 70, 45, 1),
	('N000000000073', "Le opinioni e i comportamenti religiosi", NULL, 1991, '2019-2-30', 5, 2, 70, 45, 1),
	('N378890176717', "Dizionario corese - italiano", NULL, 2006, '2019-2-30', 5, 11, 71, 0, 1),
	('9788889672501', "Agente speciale - eroe senza medaglia", NULL, 2007, '2019-2-30', 5, 2, 72, 0, 1),
	('N000000000074', "Gli anni della ricostruzioone nel Sud pontino", NULL, 2004, '2019-2-30', 5, 2, 73, 0, 1),
	('N388860600421', "I butteri di Cisterna e dell'agro pontino", NULL, 2006, '2019-2-30', 5, 2, 74, 0, 1),
	('N000000000075', "Il colonnello Michele Pezza(frà diavolo)", NULL, 2005, '2019-2-30', 5, 0, 75, 0, 1),
	('N288896721100', "Taccuino di guerra", NULL, 2005, '2019-2-30', 5, 2, 72, 0, 1),
	('N000000000076', "Il Santo dal cappello piumato", NULL, NULL, '2019-2-30', 5, 0, 0, 0, 1),
	('N000000000077', "Nel nome della libertà", NULL, 2007, '2019-2-30', 5, 2, 76, 0, 1),
	('N000000000078', "Diario di guerra", NULL, 2011, '2019-2-30', 5, 12, 69, 0, 1),
	('N000000000079', "Linguaggio e sistemi formali", NULL, 1974, '2019-2-30', 3, 2, 32, 39, 1),
	('N000000000080', "La considerazione funzionale del linguaggio", NULL, 1965, '2019-2-30', 3, 2, 0, 0, 1),
	('N000000000081', "Storia della tradizione e critica del testo", NULL, 1952, '2019-2-30', 3, 2, 48, 0, 1),
	('N000000000082', "Saggi critici", NULL, 1961, '2019-2-30', 3, 2, 77, 0, 1),
	('N000000000083', "Nella Terra dell'airone", NULL, 2015, '2019-2-30', 5, 2, 78, 0, 1),
	('9788875380443', "Menotti Garibaldi", NULL, 2015, '2019-2-30', 5, 0, 79, 0, 1),
	('N000000000084', "La costituzione italiana ", NULL, 2011, '2019-2-30', 5, 1, 80, 0, 1),
	('N000000000085', "Aprilia raccontami 2", NULL, 2015/16, '2019-2-30', 5, 1, 69, 0, 1),
	('N000000000086', "Museo della città e del territorio", NULL, NULL, '2019-2-30', 5, 1, 81, 0, 1),
	('N000000000087', "I militari italiani internati nei lager nazisti", NULL, 1977, '2019-2-30', 5, 0, 82, 0, 1),
	('N000000000088', "30 domande per capire la città", NULL, 2010, '2019-2-30', 5, 0, 83, 0, 1),
	('N000000000089', "La cooperazione in provincia di Latina", NULL, 2001, '2019-2-30', 5, 0, 84, 0, 1),
	('N000000000090', "Il ripostiglio di Poggio Berni", NULL, 1985, '2019-2-30', 5, 0, 85, 0, 1),
	('N000000000091', "Covignano", NULL, 1985, '2019-2-30', 5, 0, 85, 0, 1),
	('N398871400054', "Terracina - Il museo e le collezioni", NULL, 1989, '2019-2-30', 5, 0, 86, 0, 1),
	('N000000000092', "La battaglia di Aprilia", NULL, NULL, '2019-2-30', 5, 0, 87, 0, 1),
	('N000000000093', "Manuale di politica economica", NULL, 1970, '2019-2-30', 3, 2, 32, 0, 1),
	('N408873800440', "Il romanzo sperimentale", NULL, 1980, '2019-2-30', 3, 13, 52, 0, 1),
	('N001887380070', "Il difetto della lingua", NULL, 1988, '2019-2-30', 3, 2, 52, 0, 1),
	('N000000000094', "Introduzione alla semiologia", NULL, 1973, '2019-2-30', 3, 2, 64, 0, 1),
	('N000000000095', "I materiali linguistici nella didattica delle lingue", NULL, 1978, '2019-2-30', 3, 2, 55, 0, 1),
	('N000000000096', "La semantica. Introduzione alla scienza del significato", NULL, 1962, '2019-2-30', 3, 2, 0, 0, 1),
	('N000000000097', "Lineamenti di semiologia", NULL, 1966, '2019-2-30', 3, 2, 88, 0, 1),
	('N000000000098', "Manuale di politica economica III", NULL, 1975, '2019-2-30', 6, 2, 32, 29, 1),
	('N000000000099', "Manuale di politica economica IV", NULL, 1975, '2019-2-30', 6, 2, 32, 29, 1),
	('N000000000100', "Il crack del '79", NULL, 1976, '2019-2-30', 6, 13, 36, 0, 1),
	('N000000000101', "Il sistema politico", NULL, 1963, '2019-2-30', 6, 2, 25, 47, 1),
	('N000000000102', "Scienza e governo", NULL, 1976, '2019-2-30', 6, 2, 32, 26, 1),
	('N000000000103', "Problemi di politica delle scienze", NULL, 1975, '2019-2-30', 6, 2, 34, 48, 1),
	('N000000000104', "Democrazia e definizioni", NULL, 1957, '2019-2-30', 6, 2, 1, 0, 1),
	('N002883042020', "Il rischio americano", NULL, 2003, '2019-2-30', 6, 2, 89, 49, 1),
	('N000000000105', "L'impero IBM", NULL, 1971, '2019-2-30', 6, 2, 48, 50, 1),
	('N000000000106', "Socialismo liberale", NULL, 2010, '2019-2-30', 6, 2, 32, 51, 1),
	('N000000000107', "Berlinguer e il divo giulio", NULL, 1975, '2019-2-30', 6, 13, 90, 0, 1),
	('N000000000108', "Giano: le due facce dell'occidente", NULL, 1973, '2019-2-30', 6, 2, 25, 52, 1),
	('N418842450065', "Dizionario del cittadino europeo", NULL, 2002, '2019-2-30', 6, 11, 48, 0, 1),
	('N428813162839', "Ambiente e sua protezione II", NULL, 1988, '2019-2-30', 6, 2, 91, 53, 1),
	('N438804313625', "Si fa presto a dire america ", NULL, 1988, '2019-2-30', 6, 2, 48, 54, 1),
	('N000000000109', "Il contrario della morte", NULL, 2007, '2019-2-30', 6, 2, 36, 55, 1),
	('N000000000110', "Per il bene della causa ", NULL, 1971, '2019-2-30', 6, 2, 17, 0, 1),
	('N000000000111', "L'Economia italiana nell'integrazione internazionale ", NULL, 1974, '2019-2-30', 6, 2, 25, 56, 1),
	('N000000000112', "Il pensiero politico", NULL, 1977, '2019-2-30', 6, 1, 92, 57, 1),
	('N000000000113', "L'Italia con l'ONU contro la fame nel mondo ", NULL, 2006, '2019-2-30', 6, 2, 0, 0, 1),
	('9788820046712', "I nostri soldi", NULL, 2009, '2019-2-30', 1, 2, 94, 0, 1),
	('9788820055868', "C'è anche domani", NULL, 2014, '2019-2-30', 6, 2, 0, 0, 1),
	('N000000000114', "Geopolitica è leggere il mondo per disegnare scenari futuri", NULL, 2006, '2019-2-30', 6, 2, 95, 0, 1),
	('N000000000115', "Non lasciamoci rubare il futuro", NULL, 2006, '2019-2-30', 6, 0, 96, 0, 1),
	('N000000000116', "Le idee al potere ", NULL, 1980, '2019-2-30', 6, 2, 25, 20, 1),
	('N448804556595', "Venerati maestri", NULL, 2006, '2019-2-30', 6, 2, 48, 0, 1),
	('N000000000117', "Prima le donne e i bambini", NULL, 1980, '2019-2-30', 6, 2, 36, 0, 1),
	('N000000000118', "Giuseppe Dossetti e la politica estera italiana 1945 - 1951", NULL, 2005, '2019-2-30', 6, 2, 97, 0, 1),
	('N000000000119', "Trattato di economia politica", NULL, 1975, '2019-2-30', 6, 2, 98, 0, 1),
	('N000000000120', "Ordinamento politico e mutamento sociale", NULL, 1975, '2019-2-30', 6, 2, 99, 58, 1),
	('N000000000121', "Politica come Utopia", NULL, 1973, '2019-2-30', 6, 2, 25, 0, 1),
	('N459788890405', "Piccolo diario di un Family Banker", NULL, 2009, '2019-2-30', 6, 2, 100, 0, 1),
	('N000000000122', "La teoria dell'informazione", NULL, 1983, '2019-2-30', 6, 2, 101, 0, 1),
	('N000000000123', "La società civile", NULL, 1979, '2019-2-30', 6, 2, 102, 0, 1),
	('N46888604237X', "Poeti africani anti - apartheid", NULL, 2002, '2019-2-30', 6, 0, 103, 0, 1),
	('N000000000124', "Un anno di attività contro la discriminazione razziale", NULL, 2008, '2019-2-30', 6, 14, 104, 0, 1),
	('N000000000125', "Il quaderno della Costituzione", NULL, NULL, '2019-2-30', 6, 0, 105, 0, 1),
	('N000000000126', "La rivista", NULL, 2008, '2019-2-30', 6, 1, 0, 0, 1),
	('N000000000127', "Guida dell'utente", NULL, 2005, '2019-2-30', 6, 5, 106, 0, 1),
	('N000000000128', "Statuto dei diritti dei lavoratori", NULL, 1978, '2019-2-30', 6, 0, 107, 59, 1),
	('9788876706516', "Libera formazione", NULL, 2007, '2019-2-30', 6, 0, 108, 0, 1),
	('N000000000129', "Carta dei diritti fondamentali dell'Unione Europea", NULL, NULL, '2019-2-30', 6, 0, 109, 0, 1),
	('N000000000130', "", NULL, NULL, '2019-2-30', 0, 0, 0, 0, 0),
	('N478888249117', "Scienza e società ", NULL, 2006, '2019-2-30', 6, 2, 110, 0, 1),
	('N000000000131', "", NULL, NULL, '2019-2-30', 0, 0, 0, 0, 0),
	('N000000000132', "Che cos'è la psicologia", NULL, 1982, '2019-2-30', 4, 2, 36, 0, 1),
	('N000000000133', "Cos'è la psicologia", NULL, 1989, '2019-2-30', 4, 2, 0, 0, 1),
	('N488806126717', "La chiesa cattolica e la secolarizzazione", NULL, 1993, '2019-2-30', 7, 2, 32, 29, 1),
	('N000000000134', "La formazione dello stato odierno", NULL, 1982, '2019-2-30', 7, 2, 55, 60, 1),
	('N000000000135', "Utopia e riforma dell'illuminismo", NULL, 1970, '2019-2-30', 7, 2, 32, 29, 1),
	('N498806129503', "La civiltà azteca", NULL, 1992, '2019-2-30', 7, 2, 32, 61, 1),
	('N508828601612', "Vita nel medioevo", NULL, 2001, '2019-2-30', 7, 2, 112, 62, 1),
	('N518835060060', "La psicoanalisi", NULL, 1976, '2019-2-30', 4, 2, 66, 0, 1),
	('N528842070300', "Martin lutero", NULL, 2003, '2019-2-30', 7, 2, 9, 63, 1),
	('N000000000136', "L'invincibile armada", NULL, 1984, '2019-2-30', 7, 2, 48, 50, 1),
	('N538806130749', "Parigi, il mito di una capitale", NULL, 1991, '2019-2-30', 7, 2, 32, 29, 1),
	('N000000000137', "Proletari senza rivoluzione IV", NULL, 1975, '2019-2-30', 7, 2, 113, 64, 1),
	('N000000000138', "L'evoluzione economica del mondo occidentale", NULL, 1976, '2019-2-30', 7, 2, 48, 65, 1),
	('N000000000139', "Il sud nella storia d'italia II", NULL, 1975, '2019-2-30', 7, 2, 9, 66, 1),
	('N54880435271x', "La straordinaria storia della vita sulla Terra", NULL, 1992, '2019-2-30', 7, 2, 48, 0, 1),
	('N000000000140', "La fabbrica del consenso", NULL, 1975, '2019-2-30', 7, 2, 9, 67, 1),
	('N558806130390', "Chiesa e nazismo", NULL, 1993, '2019-2-30', 7, 2, 32, 68, 1),
	('N568800453929', "Filosofia II", NULL, 1992, '2019-2-30', 7, 15, 114, 0, 1),
	('N578809500164', "La riforma della scuola nell'unione sovietica", NULL, 1987, '2019-2-30', 7, 2, 49, 69, 1),
	('N000000000141', "La politica economica e finanziaria", NULL, 1982, '2019-2-30', 1, 2, 115, 0, 1),
	('N000000000142', "Breve storia degli stati uniti", NULL, 1965, '2019-2-30', 7, 2, 116, 0, 1),
	('N000000000143', "Carlo afan de rivera e il corpo dei ponti e strade", NULL, 1993, '2019-2-30', 7, 2, 117, 0, 1),
	('N000000000144', "Il tempo di giulio cesare", NULL, 1967, '2019-2-30', 7, 2, 118, 70, 1),
	('N000000000145', "5 anni di storia italiana ", NULL, 1964, '2019-2-30', 7, 2, 25, 41, 1),
	('N000000000146', "La mia vita per la libertà", NULL, 1988, '2019-2-30', 7, 16, 111, 0, 1),
	('N000000000147', "Uscireo dal tunnel?", NULL, 1975, '2019-2-30', 1, 2, 119, 0, 1),
	('N000000000148', "Giolitti e i cattolici", NULL, 1974, '2019-2-30', 7, 2, 48, 65, 1),
	('N588806127594', "Gli slavi", NULL, 1991, '2019-2-30', 7, 2, 32, 61, 1),
	('N000000000149', "La stregoneria", NULL, 1984, '2019-2-30', 7, 2, 48, 72, 1),
	('N000000000150', "Le origini del fascismo", NULL, 1982, '2019-2-30', 7, 2, 55, 60, 1),
	('N000000000151', "Roma e l'eredità di alessandro", NULL, 1971, '2019-2-30', 7, 2, 120, 41, 1),
	('N000000000152', "Da monaco a norimberga", NULL, 1965, '2019-2-30', 7, 2, 25, 73, 1),
	('N000000000153', "Intervista sul fascismo", NULL, 1975, '2019-2-30', 7, 2, 9, 74, 1),
	('N000000000154', "Fine del popolo ebraico? ", NULL, 1968, '2019-2-30', 7, 2, 121, 52, 1),
	('N000000000155', "Guerra e rivoluzione", NULL, 1973, '2019-2-30', 7, 2, 48, 75, 1),
	('N598876922709', "Discorso sul metodo", NULL, 1991, '2019-2-30', 7, 2, 122, 0, 1),
	('N000000000156', "Israele tra le nazuioni", NULL, 1973, '2019-2-30', 7, 2, 25, 41, 1),
	('N608826302286', "La crisi dei fondamenti", NULL, 1984, '2019-2-30', 7, 2, 123, 0, 1),
	('N000000000157', "La rivoluzione francese", NULL, 1982, '2019-2-30', 7, 2, 55, 60, 1),
	('N618800330533', "Diecimila anni fa", NULL, 1983, '2019-2-30', 7, 2, 124, 76, 1),
	('N000000000158', "La socialdemocrazia tedesca", NULL, 1970, '2019-2-30', 7, 2, 111, 25, 1),
	('N000000000159', "Illuminismo e riforme", NULL, 1976, '2019-2-30', 7, 2, 55, 60, 1),
	('N000000000160', "Ho sconfitto hitler", NULL, 2011, '2019-2-30', 7, 17, 125, 0, 1),
	('N000000000161', "Nettuno, nell'inferno dello sbarco", NULL, 2014, '2019-2-30', 7, 18, 0, 0, 1),
	('9788890893010', "Cori la città come museo", NULL, 2013, '2019-2-30', 8, 1, 126, 0, 1),
	('N000000000162', "Basilicata itenerari nei Paesaggi d'autore", NULL, 2013, '2019-2-30', 8, 1, 127, 77, 1),
	('N000000000163', "Giovanni Falcone e Paolo Borsellino le Loro idee...", NULL, 2012, '2019-2-30', 8, 0, 128, 78, 1),
	('N000000000164', "Frammenti di Aprilia sparita quando io", NULL, 2013, '2019-2-30', 8, 2, 78, 0, 1),
	('N628889444002', "Guida ai sienteri del Parco Regionale dei Monti Simbruini", NULL, 2004, '2019-2-30', 8, 0, 129, 0, 1),
	('N000000000165', "Monti Simbruini ", NULL, 2003, '2019-2-30', 8, 2, 129, 0, 1),
	('N000000000166', "Storia Di una grande scoperta archeologica.", NULL, 2008, '2019-2-30', 8, 2, 130, 0, 1),
	('N638870970124', "La religione Museo della civiltà romana.", NULL, 1990, '2019-2-30', 8, 2, 0, 0, 1),
	('9788889672327', "L'Aquila disubbidiente - storia di Alfredo Fusco", NULL, 2006, '2019-2-30', 8, 15, 72, 0, 1),
	('N000000000167', "Formia", NULL, 2006, '2019-2-30', 8, 15, 132, 0, 1),
	('N000000000168', "Personaggi illustri e sconosciuti della storia di Priverno", NULL, 2005, '2019-2-30', 8, 2, 133, 0, 1),
	('N000000000169', "Architettura - Città Pontine", NULL, 2006, '2019-2-30', 8, 15, 134, 0, 1),
	('N000000000170', "Il Fronte a Cisterna", NULL, 2013, '2019-2-30', 8, 17, 135, 0, 1),
	('N000000000171', "L'ora della scelta", NULL, 1961, '2019-2-30', 4, 2, 25, 41, 1),
	('N000000000172', "La mente umana", NULL, 1971, '2019-2-30', 4, 0, 55, 0, 1),
	('9788817051699', "Dalla parte giusta", NULL, 2011, '2019-2-30', 4, 2, 136, 0, 1),
	('N648806125656', "La morte della famiglia", NULL, 1971, '2019-2-30', 4, 0, 32, 0, 1),
	('N658824452280', "Psicologia dello sviluppo ed educazione", NULL, 1999, '2019-2-30', 4, 2, 61, 0, 1),
	('N668806123130', "Anatomia dell'amore", NULL, 1992, '2019-2-30', 4, 0, 32, 0, 1),
	('N000000000173', "Le vestali della classe media", NULL, 1969, '2019-2-30', 4, 0, 62, 0, 1),
	('N000000000174', "Attività e tecniche educative nel tempo pieno", NULL, 1978, '2019-2-30', 4, 2, 63, 42, 1),
	('9788811740803', "Meritocrazia", NULL, 2008, '2019-2-30', 4, 0, 137, 0, 1),
	('N678808099164', "Itenerari pedagogici", NULL, 1993, '2019-2-30', 4, 0, 55, 0, 1),
	('N000000000175', "Le nozioni di movimento e velocità nel bambino", NULL, 1975, '2019-2-30', 4, 2, 64, 0, 1),
	('N000000000176', "Logica e psicologia", NULL, 1969, '2019-2-30', 4, 2, 65, 43, 1),
	('N000000000177', "Il linguaggio scientifico tra scienza e didattica", NULL, 1982, '2019-2-30', 4, 2, 66, 0, 1),
	('N688806179802', "Credere e curare ", NULL, 2005, '2019-2-30', 4, 2, 32, 0, 1),
	('N000000000178', "Psicologia", NULL, 1965, '2019-2-30', 4, 2, 67, 0, 1),
	('N000000000179', "Scuola in carcere", NULL, 1974, '2019-2-30', 4, 2, 3, 0, 1),
	('N000000000180', "Che cos'è la psicologia", NULL, 1982, '2019-2-30', 4, 2, 36, 0, 1),
	('N000000000181', "Cos'è la psicologia", NULL, 1989, '2019-2-30', 4, 2, 0, 0, 1),
	('N000000000182', "Censimento del patrimonio vegetale del Lazio", NULL, 1966, '2019-2-30', 5, 2, 68, 44, 1),
	('N000000000183', "Signora maestra", NULL, NULL, '2019-2-30', 5, 1, 69, 0, 1),
	('N000000000184', "Conferenza donne e resistenza", NULL, 2016, '2019-2-30', 5, 1, 0, 0, 1),
	('N000000000185', "Statistiche sociali", NULL, 1988, '2019-2-30', 5, 2, 70, 45, 1),
	('N000000000186', "Le opinioni e i comportamenti religiosi", NULL, 1991, '2019-2-30', 5, 2, 70, 45, 1),
	('N698890176717', "Dizionario corese - italiano", NULL, 2006, '2019-2-30', 5, 11, 71, 0, 1),
	('N000000000187', "Gli anni della ricostruzioone nel Sud pontino", NULL, 2004, '2019-2-30', 5, 2, 73, 0, 1),
	('N708860600421', "I butteri di Cisterna e dell'agro pontino", NULL, 2006, '2019-2-30', 5, 2, 74, 0, 1),
	('N000000000188', "Il colonnello Michele Pezza(frà diavolo)", NULL, 2005, '2019-2-30', 5, 0, 75, 0, 1),
	('N388896721100', "Taccuino di guerra", NULL, 2005, '2019-2-30', 5, 2, 72, 0, 1),
	('N000000000189', "Il Santo dal cappello piumato", NULL, NULL, '2019-2-30', 5, 0, 0, 0, 1),
	('N000000000190', "Nel nome della libertà", NULL, 2007, '2019-2-30', 5, 2, 76, 0, 1),
	('N000000000191', "Diario di guerra", NULL, 2011, '2019-2-30', 5, 12, 69, 0, 1),
	('N000000000192', "Linguaggio e sistemi formali", NULL, 1974, '2019-2-30', 3, 2, 32, 39, 1),
	('N000000000193', "La considerazione funzionale del linguaggio", NULL, 1965, '2019-2-30', 3, 2, 0, 0, 1),
	('N000000000194', "Storia della tradizione e critica del testo", NULL, 1952, '2019-2-30', 3, 2, 48, 0, 1),
	('N000000000195', "Saggi critici", NULL, 1961, '2019-2-30', 3, 2, 77, 0, 1),
	('N000000000196', "Nella Terra dell'airone", NULL, 2015, '2019-2-30', 5, 2, 78, 0, 1),
	('N000000000197', "La costituzione italiana ", NULL, 2011, '2019-2-30', 5, 1, 80, 0, 1),
	('N000000000198', "Aprilia raccontami 2", NULL, 2015/16, '2019-2-30', 5, 1, 69, 0, 1),
	('N000000000199', "Museo della città e del territorio", NULL, NULL, '2019-2-30', 5, 1, 81, 0, 1),
	('N000000000200', "I militari italiani internati nei lager nazisti", NULL, 1977, '2019-2-30', 5, 0, 82, 0, 1),
	('N000000000201', "30 domande per capire la città", NULL, 2010, '2019-2-30', 5, 0, 83, 0, 1),
	('N000000000202', "La cooperazione in provincia di Latina", NULL, 2001, '2019-2-30', 5, 0, 84, 0, 1),
	('N000000000203', "Il ripostiglio di Poggio Berni", NULL, 1985, '2019-2-30', 5, 0, 85, 0, 1),
	('N000000000204', "Covignano", NULL, 1985, '2019-2-30', 5, 0, 85, 0, 1),
	('N718871400054', "Terracina - Il museo e le collezioni", NULL, 1989, '2019-2-30', 5, 0, 86, 0, 1),
	('N000000000205', "La battaglia di Aprilia", NULL, NULL, '2019-2-30', 5, 0, 87, 0, 1),
	('N000000000206', "Manuale di politica economica", NULL, 1970, '2019-2-30', 3, 2, 32, 0, 1),
	('N728873800440', "Il romanzo sperimentale", NULL, 1980, '2019-2-30', 3, 13, 52, 0, 1),
	('N003887380070', "Il difetto della lingua", NULL, 1988, '2019-2-30', 3, 2, 52, 0, 1),
	('N000000000207', "Introduzione alla semiologia", NULL, 1973, '2019-2-30', 3, 2, 64, 0, 1),
	('N000000000208', "I materiali linguistici nella didattica delle lingue", NULL, 1978, '2019-2-30', 3, 2, 55, 0, 1),
	('N000000000209', "La semantica. Introduzione alla scienza del significato", NULL, 1962, '2019-2-30', 3, 2, 0, 0, 1),
	('N000000000210', "Lineamenti di semiologia", NULL, 1966, '2019-2-30', 3, 2, 88, 0, 1),
	('N000000000211', "Geopolitica è leggere il mondo per disegnare scenari futuri", NULL, 2006, '2019-2-30', 6, 2, 95, 0, 1),
	('N000000000212', "Non lasciamoci rubare il futuro", NULL, 2006, '2019-2-30', 6, 0, 96, 0, 1),
	('N000000000213', "Le idee al potere ", NULL, 1980, '2019-2-30', 6, 2, 25, 20, 1),
	('N738804556595', "Venerati maestri", NULL, 2006, '2019-2-30', 6, 2, 48, 0, 1),
	('N000000000214', "Prima le donne e i bambini", NULL, 1980, '2019-2-30', 6, 2, 36, 0, 1),
	('9788863940510', "Il nuovo fiore", NULL, 2013, '2019-2-30', 6, 2, 139, 0, 1),
	('N000000000215', "Giuseppe Dossetti e la politica estera italiana 1945 - 1951", NULL, 2005, '2019-2-30', 6, 2, 97, 0, 1),
	('N000000000216', "Trattato di economia politica", NULL, 1975, '2019-2-30', 6, 2, 98, 0, 1),
	('N000000000217', "Ordinamento politico e mutamento sociale", NULL, 1975, '2019-2-30', 6, 2, 99, 58, 1),
	('N000000000218', "Politica come Utopia", NULL, 1973, '2019-2-30', 6, 2, 25, 0, 1),
	('N749788890405', "Piccolo diario di un Family Banker", NULL, 2009, '2019-2-30', 6, 2, 100, 0, 1),
	('N000000000219', "La teoria dell'informazione", NULL, 1983, '2019-2-30', 6, 2, 101, 0, 1),
	('N000000000220', "La società civile", NULL, 1979, '2019-2-30', 6, 2, 102, 0, 1),
	('N75888604237X', "Poeti africani anti - apartheid", NULL, 2002, '2019-2-30', 6, 0, 103, 0, 1),
	('N000000000221', "Un anno di attività contro la discriminazione razziale", NULL, 2008, '2019-2-30', 6, 14, 104, 0, 1),
	('N000000000222', "Il quaderno della Costituzione", NULL, NULL, '2019-2-30', 6, 0, 105, 0, 1),
	('N000000000223', "La rivista", NULL, 2008, '2019-2-30', 6, 1, 0, 0, 1),
	('N000000000224', "Giuda dell'utente", NULL, 2005, '2019-2-30', 6, 5, 106, 0, 1),
	('N000000000225', "Statuto dei diritti dei lavoratori", NULL, 1978, '2019-2-30', 6, 0, 107, 59, 1),
	('N000000000226', "Carta dei diritti fondamentali dell'Unione Europea", NULL, NULL, '2019-2-30', 6, 0, 109, 0, 1),
	('9788817047487', "Il denaro in testa", NULL, 2011, '2019-2-30', 6, 2, 36, 0, 1),
	('N768888249117', "Scienza e società ", NULL, 2006, '2019-2-30', 6, 2, 110, 0, 1),
	('9788849218916', "Luigi Moretti e i progetti per Galloro", NULL, 2010, '2019-2-30', 8, 2, 140, 0, 1),
	('N000000000227', "Formia", NULL, 2005, '2019-2-30', 8, 0, 141, 0, 1),
	('N000000000228', "Città pontine", NULL, 2006, '2019-2-30', 8, 2, 142, 0, 1),
	('N000000000229', "Personaggi illustri e sconosciuti della storia di Priverno", NULL, 2005, '2019-2-30', 8, 2, 143, 0, 1),
	('N000000000230', "La cittadella risorta", NULL, 2006, '2019-2-30', 8, 0, 144, 0, 1),
	('N000000000231', "Il parco della pace", NULL, 2009, '2019-2-30', 8, 0, 145, 0, 1),
	('N000000000232', "Terracina  ", NULL, 2006, '2019-2-30', 8, 0, 146, 0, 1),
	('N778871400224', "Museo civico di Rieti", NULL, 1990, '2019-2-30', 8, 2, 86, 79, 1),
	('N788871400038', "Museo civico di Velletri", NULL, 1989, '2019-2-30', 8, 2, 86, 79, 1),
	('N000000000233', "Aprilia comunica", NULL, 2003, '2019-2-30', 8, 1, 69, 0, 1),
	('N000000000234', "Viaggio per immagini attraverso la provincia di Latina", NULL, NULL, '2019-2-30', 8, 2, 147, 0, 1),
	('N798871400275', "Volturnum", NULL, 1991, '2019-2-30', 8, 2, 148, 0, 1),
	('N000000000235', "Pio VI le paludi pontine Terracina", NULL, 1995, '2019-2-30', 8, 2, 0, 0, 1),
	('N000000000236', "Regione Lazio settore diritto allo studio", NULL, NULL, '2019-2-30', 8, 2, 147, 0, 1),
	('N808873800777', "Architettura e terremoti", NULL, 1986, '2019-2-30', 8, 2, 0, 0, 1),
	('N000000000237', "Il diritto nelle società primitive", NULL, 1973, '2019-2-30', 8, 2, 0, 0, 1),
	('N000000000238', "Latii veteris documenta", NULL, 2007, '2019-2-30', 8, 0, 0, 0, 1),
	('N000000000239', "Novara com'era e com'è", NULL, 2007, '2019-2-30', 8, 19, 150, 0, 1),
	('N000000000240', "Urgenza nella città", NULL, 1972, '2019-2-30', 8, 2, 98, 0, 1),
	('N000000000241', "Itenerario di visita al Museo della moneta di Palazzo Koch", NULL, 2015, '2019-2-30', 8, 0, 151, 0, 1),
	('N818805012475', "Tempi che scottano", NULL, 1973, '2019-2-30', 8, 2, 96, 0, 1),
	('N000000000242', "Un architetto in territorio pontino", NULL, 2002, '2019-2-30', 8, 2, 152, 0, 1),
	('9788824011730', "Ardea", NULL, 2011, '2019-2-30', 8, 2, 109, 0, 1),
	('9788898220496', "Ivrea guida alla città di Adriano Olivetti", NULL, 2016, '2019-2-30', 8, 5, 25, 0, 1),
	('N000000000243', "Il governo delle risorse idriche", NULL, 2005, '2019-2-30', 8, 2, 153, 0, 1),
	('N000000000244', "Rocca Massima al tempo di don Giuseppe Cianfoni", NULL, 2006, '2019-2-30', 8, 2, 154, 0, 1),
	('N828811040426', "Geografia d'Italia e d'Europa", NULL, 1999, '2019-2-30', 8, 20, 137, 0, 1),
	('N838841514485', "Geografia economica", NULL, 1994, '2019-2-30', 8, 5, 155, 0, 1),
	('N000000000245', "L'artigianato del Friuli - Venezia Giulia", NULL, 1991, '2019-2-30', 8, 1, 156, 0, 1),
	('N000000000246', "Il tesoro di Asmara", NULL, NULL, '2019-2-30', 8, 0, 157, 0, 1),
	('N000000000247', "Norba e Norma", NULL, 1971, '2019-2-30', 8, 2, 0, 0, 1),
	('N848874486456', "Il parco archeologico naturalistico nel porto di Traiano", NULL, NULL, '2019-2-30', 8, 0, 158, 0, 1),
	('N000000000248', "Jenne", NULL, 2003, '2019-2-30', 8, 2, 159, 0, 1),
	('N000013944204', "Il manifesto di Ventotene", NULL, 2000, '2019-2-30', 8, 0, 160, 0, 1),
	('N000000000249', "Satricum", NULL, 2006, '2019-2-30', 8, 0, 0, 0, 1),
	('N000000000250', "Le cupole romane", NULL, 1986, '2019-2-30', 8, 2, 85, 80, 1),
	('N000000000251', "Sulle tracce di Garibaldi", NULL, 2011, '2019-2-30', 8, 2, 161, 0, 1),
	('N000000000252', "La provincia del fare", NULL, NULL, '2019-2-30', 8, 2, 142, 0, 1),
	('N000000000253', "Europa d'incanto", NULL, 2004, '2019-2-30', 8, 2, 162, 0, 1),
	('N858882895866', "La vera cucina di Napoli", NULL, 1995, '2019-2-30', 8, 2, 64, 0, 1),
	('N000000000254', "Il Trattato di pace 10 febbraio 1947 nei programmi e nei testi scolastici di storia", NULL, 2014, '2019-2-30', 8, 2, 163, 0, 1),
	('N000000000255', "Alla scoperta della nostra città: i servizi", NULL, 1997, '2019-2-30', 8, 5, 69, 0, 1),
	('N000000000256', "La popolazione di Aprilia", NULL, 1987, '2019-2-30', 8, 1, 164, 0, 1),
	('N000000000257', "Aprilia anni 90", NULL, 1986, '2019-2-30', 8, 1, 164, 0, 1),
	('N000000000258', "Aprilia Venere Feconda", NULL, NULL, '2019-2-30', 8, 1, 69, 0, 1),
	('N000000000259', "Giovanni Falcone e Paolo Borsellino", NULL, 2012, '2019-2-30', 8, 0, 165, 0, 1),
	('N868889444002', "Guida ai sentieri del Parco Regionale dei Monti Simbruni", NULL, 2004, '2019-2-30', 8, 5, 166, 0, 1),
	('N000000000260', "Frammenti di Aprilia sparita", NULL, 2013, '2019-2-30', 8, 2, 69, 0, 1),
	('N878889444045', "Parco Regionale Monti Simbruni", NULL, 2003, '2019-2-30', 8, 5, 166, 0, 1),
	('N000000000261', "Monti Simbruni", NULL, NULL, '2019-2-30', 8, 5, 166, 0, 1),
	('N000000000262', "Storia di una grande scoperta archeologica", NULL, 2007, '2019-2-30', 8, 21, 0, 0, 1),
	('9788889999813', "Lotta senza quartiere", NULL, 2012, '2019-2-30', 8, 2, 167, 81, 1),
	('N000000000263', "La storia e le testimonianze", NULL, NULL, '2019-2-30', 8, 21, 147, 82, 1),
	('N000000000264', "Archeologia e topografia", NULL, NULL, '2019-2-30', 8, 21, 147, 82, 1),
	('N000000000265', "Le gole della montagna rossa", NULL, 2012, '2019-2-30', 8, 0, 168, 0, 1),
	('N000000000266', "Cagli I", NULL, 1981, '2019-2-30', 8, 15, 85, 0, 1),
	('N000000000267', "Basilicata itinerari nei paesaggi d'autore", NULL, 2000, '2019-2-30', 8, 5, 169, 0, 1),
	('9788890893001', "Cori la città come museo", NULL, 2013, '2019-2-30', 8, 5, 170, 0, 1),
	('N888870970124', "Museo della civiltà romana", NULL, 1990, '2019-2-30', 8, 0, 131, 0, 1),
	('N000000000268', "Area sacra di Satricum", NULL, 1985, '2019-2-30', 8, 2, 85, 0, 1),
	('N000000000269', "La battaglia di Campomorto", NULL, 2006, '2019-2-30', 8, 2, 69, 0, 1),
	('9788860603739', "Unità nelle arti", NULL, 2011, '2019-2-30', 8, 2, 74, 0, 1),
	('N000000000270', "Valorizzazione e riqualificazione culturale e ambientale per uno sviluppo turistico sostenibile", NULL, 2007, '2019-2-30', 8, 0, 171, 0, 1),
	('N000000000271', "Oriolo Frezzoli un architetto in territorio pontino", NULL, NULL, '2019-2-30', 8, 22, 152, 0, 1),
	('N898805012475', "Tempi che scottano", NULL, 1973, '2019-2-30', 8, 2, 172, 0, 1),
	('N000000000272', "La vera cucina di Napoli", NULL, 2007, '2019-2-30', 8, 23, 173, 0, 1),
	('N000000000273', "Italia e fascismo 1926", NULL, 1965, '2019-2-30', 0, 2, 174, 83, 1),
	('N000000000274', "La comunità internazionale e il diritto di guerra", NULL, 1954, '2019-2-30', 0, 2, 175, 84, 1),
	('N000000000275', "Chiesa e Stato", NULL, 1978, '2019-2-30', 0, 2, 176, 85, 1),
	('N000000000276', "Chiesa e Stato", NULL, 1958, '2019-2-30', 0, 2, 176, 86, 1),
	('N000000000277', "Politica e morale Coscienza e politica", NULL, 1972, '2019-2-30', 0, 2, 174, 87, 1),
	('N000000000278', "La società sua natura e leggi", NULL, 1960, '2019-2-30', 0, 2, 176, 88, 1),
	('N000000000279', "Del metodo sociologico", NULL, 1970, '2019-2-30', 0, 2, 174, 89, 1),
	('N000000000280', "La regione nella nazione", NULL, 1974, '2019-2-30', 0, 2, 174, 90, 1),
	('N000000000281', "Nazionalismo e internazionalismo", NULL, 1971, '2019-2-30', 0, 2, 174, 91, 1),
	('N000000000282', "Problemi sprirituali del nostro tempo", NULL, 1961, '2019-2-30', 0, 2, 176, 92, 1),
	('N000000000283', "Politica di questi anni", NULL, 1968, '2019-2-30', 0, 2, 174, 93, 1),
	('N000000000284', "Politica di questi anni", NULL, 1966, '2019-2-30', 0, 2, 174, 94, 1),
	('N000000000285', "Politica di questi anni", NULL, 1957, '2019-2-30', 0, 2, 176, 95, 1),
	('N000000000286', "Politica di questi anni", NULL, 1955, '2019-2-30', 0, 2, 176, 96, 1),
	('N000000000287', "Politica di questi anni", NULL, 1954, '2019-2-30', 0, 2, 176, 97, 1),
	('N000000000288', "Miscellanea londinese", NULL, 1974, '2019-2-30', 0, 2, 174, 98, 1),
	('N000000000289', "Miscellanea londinese", NULL, 1967, '2019-2-30', 0, 2, 174, 99, 1),
	('N000000000290', "Miscellanea londinese", NULL, 1965, '2019-2-30', 0, 2, 174, 100, 1),
	('N000000000291', "Miscellanea londinese", NULL, 1970, '2019-2-30', 0, 2, 174, 101, 1),
	('N000000000292', "Il Partito popolare italiano", NULL, 1978, '2019-2-30', 0, 2, 176, 102, 1),
	('N000000000293', "Il Partito popolare italiano", NULL, 1956, '2019-2-30', 0, 2, 176, 103, 1),
	('N000000000294', "Il Partito popolare italiano", NULL, 1956, '2019-2-30', 0, 2, 176, 104, 1),
	('N000000000295', "Sintesi sociali", NULL, 1961, '2019-2-30', 0, 2, 176, 105, 1),
	('N000000000296', "Scritture e società", NULL, 1981, '2019-2-30', 0, 2, 177, 0, 1),
	('9771824928313', "La letteratura italiana", NULL, 2005, '2019-2-30', 0, 2, 178, 0, 1),
	('N000000000297', "Letteratura italiana: materiale per un programma", NULL, 1974, '2019-2-30', 0, 2, 179, 0, 1);

-- Armadi -----
INSERT INTO Armadi (idArmadio, Descrizione, idSezione) VALUES
	(3, "Armadio 3", 1);

-- Ripiani -----
INSERT INTO Ripiani (idRipiano, NumeroRipiano, idArmadio) VALUES
	(1, 1, 3),
	(2, 2, 3),
	(3, 3, 3),
	(4, 4, 3),
	(5, 6, 3),
	(6, 0, 3),
	(7, 8, 3),
	(8, 7, 3),
	(9, 9, 3);

-- Copie -----
INSERT INTO Copie (idCopia, ISBN, Prestato, idRipiano) VALUES
	(1, 'N000000000001', 0, 1),
	(2, 'N000000000002', 0, 1),
	(3, 'N000000000003', 0, 1),
	(4, 'N000000000003', 0, 1),
	(5, 'N000000000004', 0, 1),
	(6, 'N000000000004', 0, 1),
	(7, 'N000000000005', 0, 1),
	(8, 'N018881841150', 0, 1),
	(9, 'N02881812031x', 0, 1),
	(10, 'N038830708674', 0, 1),
	(11, 'N048870317404', 0, 1),
	(12, 'N000000000006', 0, 1),
	(13, 'N000000000007', 0, 1),
	(14, '9788842087229', 0, 1),
	(15, '9771129085087', 0, 1),
	(16, 'N000000000008', 0, 1),
	(17, 'N000000000009', 0, 1),
	(18, 'N135405898880', 0, 1),
	(19, 'N135405898880', 0, 1),
	(20, 'N000000000010', 0, 1),
	(21, 'N000115943674', 0, 1),
	(22, '9788864800523', 0, 1),
	(23, 'N058887731144', 0, 1),
	(24, 'N058887731144', 0, 1),
	(25, 'N000000000011', 0, 1),
	(26, 'N000000000012', 0, 1),
	(27, 'N000000000013', 0, 1),
	(28, 'N000000000014', 0, 1),
	(29, 'N068804373792', 0, 1),
	(30, 'N000000000015', 0, 1),
	(31, 'N000000000016', 0, 1),
	(32, 'N000000000017', 0, 1),
	(33, 'N078839572805', 0, 1),
	(34, 'N088823313848', 0, 1),
	(35, 'N088823313848', 0, 1),
	(36, 'N098823316731', 0, 1),
	(37, 'N000200238774', 0, 1),
	(38, 'N000000000018', 0, 1),
	(39, '9788869951138', 0, 1),
	(40, 'N000000000019', 0, 1),
	(41, 'N000000000020', 0, 1),
	(42, '9788825018127', 0, 1),
	(43, 'N000000000021', 0, 1),
	(44, 'N000000000022', 0, 1),
	(45, 'N000000000023', 0, 1),
	(46, 'N108806135023', 0, 1),
	(47, 'N978883179372', 0, 1),
	(48, 'N118806127616', 0, 1),
	(49, '9878860611949', 0, 1),
	(50, 'N000000000024', 0, 1),
	(51, 'N000000000025', 0, 1),
	(52, 'N128817126829', 0, 1),
	(53, 'N138878269247', 0, 1),
	(54, 'N000000000026', 0, 1),
	(55, 'N000000000027', 0, 1),
	(56, 'N000000000028', 0, 1),
	(57, 'N148882922588', 0, 1),
	(58, 'N000000000029', 0, 1),
	(59, 'N000000000030', 0, 1),
	(60, 'N000000000031', 0, 1),
	(61, 'N000000000032', 0, 1),
	(62, 'N000000000033', 0, 2),
	(63, 'N000000000034', 0, 2),
	(64, 'N000000000035', 0, 2),
	(65, 'N000000000036', 0, 2),
	(66, 'N158817118044', 0, 2),
	(67, 'N158817118044', 0, 2),
	(68, 'N158817118044', 0, 2),
	(69, 'N158817118044', 0, 2),
	(70, 'N168809500172', 0, 2),
	(71, 'N178805036250', 0, 2),
	(72, 'N000000000037', 0, 2),
	(73, 'N000000000038', 0, 2),
	(74, 'N000000000039', 0, 3),
	(75, 'N000000000040', 0, 3),
	(76, 'N000000000041', 0, 3),
	(77, 'N000000000042', 0, 3),
	(78, 'N000000000043', 0, 3),
	(79, 'N000000000044', 0, 3),
	(80, 'N000000000045', 0, 3),
	(81, 'N000000000046', 0, 3),
	(82, 'N000000000047', 0, 3),
	(83, 'N000000000048', 0, 3),
	(84, 'N000000000049', 0, 3),
	(85, 'N188842034177', 0, 3),
	(86, 'N198842033510', 0, 3),
	(87, 'N208842034436', 0, 3),
	(88, 'N218842032301', 0, 3),
	(89, 'N22884203391x', 0, 3),
	(90, 'N238806003909', 0, 3),
	(91, 'N248873800599', 0, 3),
	(92, 'N258806593943', 0, 3),
	(93, 'N000000000050', 0, 3),
	(94, 'N000000000051', 0, 3),
	(95, 'N000000000052', 0, 3),
	(96, 'N000000000053', 0, 3),
	(97, 'N268879941178', 0, 3),
	(98, 'N000000000054', 0, 3),
	(99, 'N278842009455', 0, 3),
	(100, 'N000000000055', 0, 3),
	(101, 'N000000000056', 0, 3),
	(102, 'N288873801226', 0, 3),
	(103, 'N288873801226', 0, 3),
	(104, 'N29887380151x', 0, 3),
	(105, 'N29887380151x', 0, 3),
	(106, 'N000000000057', 0, 3),
	(107, 'N000000000058', 0, 3),
	(108, 'N308871381920', 0, 3),
	(109, 'N000000000059', 0, 3),
	(110, 'N318806402463', 0, 3),
	(111, '9788809848849', 0, 3),
	(112, 'N000000000060', 0, 2),
	(113, 'N000000000061', 0, 2),
	(114, 'N328806125656', 0, 2),
	(115, 'N338824452280', 0, 2),
	(116, 'N348806123130', 0, 2),
	(117, 'N000000000062', 0, 2),
	(118, 'N000000000063', 0, 2),
	(119, '97888087171864', 0, 2),
	(120, 'N358808099164', 0, 2),
	(121, 'N000000000064', 0, 2),
	(122, 'N000000000065', 0, 2),
	(123, 'N000000000066', 0, 2),
	(124, 'N368806179802', 0, 2),
	(125, 'N000000000067', 0, 2),
	(126, 'N000000000068', 0, 2),
	(127, 'N000000000069', 0, 4),
	(128, 'N000000000070', 0, 4),
	(129, 'N000000000070', 0, 4),
	(130, 'N000000000070', 0, 4),
	(131, 'N000000000071', 0, 4),
	(132, 'N000000000071', 0, 4),
	(133, 'N000000000071', 0, 4),
	(134, 'N000000000071', 0, 4),
	(135, 'N000000000071', 0, 4),
	(136, 'N000000000071', 0, 4),
	(137, 'N000000000071', 0, 4),
	(138, 'N000000000071', 0, 4),
	(139, 'N000000000071', 0, 4),
	(140, 'N000000000071', 0, 4),
	(141, 'N000000000072', 0, 4),
	(142, 'N000000000073', 0, 4),
	(143, 'N378890176717', 0, 4),
	(144, '9788889672501', 0, 4),
	(145, 'N000000000074', 0, 4),
	(146, 'N388860600421', 0, 4),
	(147, 'N000000000075', 0, 4),
	(148, 'N288896721100', 0, 4),
	(149, 'N000000000076', 0, 4),
	(150, 'N000000000077', 0, 4),
	(151, 'N000000000078', 0, 4),
	(152, 'N000000000078', 0, 4),
	(153, 'N000000000078', 0, 4),
	(154, 'N000000000078', 0, 4),
	(155, 'N000000000078', 0, 4),
	(156, 'N000000000078', 0, 4),
	(157, 'N000000000078', 0, 4),
	(158, 'N000000000079', 0, 3),
	(159, 'N000000000080', 0, 3),
	(160, 'N000000000081', 0, 3),
	(161, 'N000000000082', 0, 3),
	(162, 'N000000000083', 0, 4),
	(163, 'N000000000083', 0, 4),
	(164, 'N000000000083', 0, 4),
	(165, '9788875380443', 0, 4),
	(166, '9788875380443', 0, 4),
	(167, 'N000000000084', 0, 4),
	(168, 'N000000000085', 0, 4),
	(169, 'N000000000085', 0, 4),
	(170, 'N000000000086', 0, 4),
	(171, 'N000000000087', 0, 4),
	(172, 'N000000000088', 0, 4),
	(173, 'N000000000088', 0, 4),
	(174, 'N000000000088', 0, 4),
	(175, 'N000000000089', 0, 4),
	(176, 'N000000000090', 0, 4),
	(177, 'N000000000091', 0, 4),
	(178, 'N398871400054', 0, 4),
	(179, 'N000000000092', 0, 4),
	(180, 'N000000000093', 0, 3),
	(181, 'N408873800440', 0, 3),
	(182, 'N001887380070', 0, 3),
	(183, 'N000000000094', 0, 3),
	(184, 'N000000000095', 0, 3),
	(185, 'N000000000096', 0, 3),
	(186, 'N000000000097', 0, 3),
	(187, 'N000000000098', 0, 5),
	(188, 'N000000000098', 0, 5),
	(189, 'N000000000099', 0, 5),
	(190, 'N000000000100', 0, 5),
	(191, 'N000000000101', 0, 5),
	(192, 'N000000000102', 0, 5),
	(193, 'N000000000103', 0, 5),
	(194, 'N000000000104', 0, 5),
	(195, 'N002883042020', 0, 5),
	(196, 'N000000000105', 0, 5),
	(197, 'N000000000106', 0, 5),
	(198, 'N000000000107', 0, 5),
	(199, 'N000000000108', 0, 5),
	(200, 'N418842450065', 0, 5),
	(201, 'N428813162839', 0, 5),
	(202, 'N438804313625', 0, 5),
	(203, 'N000000000109', 0, 5),
	(204, 'N000000000110', 0, 5),
	(205, 'N000000000111', 0, 5),
	(206, 'N000000000112', 0, 5),
	(207, 'N000000000113', 0, 5),
	(208, '9788820046712', 0, 1),
	(209, '9788820055868', 0, 5),
	(210, 'N000000000114', 0, 5),
	(211, 'N000000000115', 0, 5),
	(212, 'N000000000116', 0, 5),
	(213, 'N448804556595', 0, 5),
	(214, 'N000000000117', 0, 5),
	(215, 'N000000000118', 0, 5),
	(216, 'N000000000119', 0, 5),
	(217, 'N000000000120', 0, 5),
	(218, 'N000000000121', 0, 5),
	(219, 'N459788890405', 0, 5),
	(220, 'N000000000122', 0, 5),
	(221, 'N000000000123', 0, 5),
	(222, 'N46888604237X', 0, 5),
	(223, 'N000000000124', 0, 5),
	(224, 'N000000000125', 0, 5),
	(225, 'N000000000126', 0, 5),
	(226, 'N000000000127', 0, 5),
	(227, 'N000000000128', 0, 5),
	(228, '9788876706516', 0, 5),
	(229, 'N000000000129', 0, 5),
	(230, 'N000000000130', 0, 5),
	(231, 'N478888249117', 0, 5),
	(232, 'N000000000132', 0, 2),
	(233, 'N000000000133', 0, 2),
	(234, 'N488806126717', 0, 7),
	(235, 'N000000000134', 0, 7),
	(236, 'N000000000135', 0, 7),
	(237, 'N498806129503', 0, 7),
	(238, 'N508828601612', 0, 7),
	(239, 'N518835060060', 0, 7),
	(240, 'N528842070300', 0, 7),
	(241, 'N000000000136', 0, 7),
	(242, 'N538806130749', 0, 7),
	(243, 'N000000000137', 0, 7),
	(244, 'N000000000138', 0, 7),
	(245, 'N000000000139', 0, 7),
	(246, 'N54880435271x', 0, 7),
	(247, 'N000000000140', 0, 7),
	(248, 'N558806130390', 0, 7),
	(249, 'N568800453929', 0, 7),
	(250, 'N578809500164', 0, 7),
	(251, 'N000000000141', 0, 1),
	(252, 'N000000000142', 0, 7),
	(253, 'N000000000143', 0, 7),
	(254, 'N000000000144', 0, 7),
	(255, 'N000000000145', 0, 7),
	(256, 'N000000000146', 0, 7),
	(257, 'N000000000147', 0, 1),
	(258, 'N000000000148', 0, 7),
	(259, 'N588806127594', 0, 7),
	(260, 'N000000000149', 0, 7),
	(261, 'N000000000150', 0, 7),
	(262, 'N000000000151', 0, 7),
	(263, 'N000000000152', 0, 7),
	(264, 'N000000000153', 0, 7),
	(265, 'N000000000154', 0, 7),
	(266, 'N000000000155', 0, 7),
	(267, 'N598876922709', 0, 7),
	(268, 'N000000000156', 0, 7),
	(269, 'N608826302286', 0, 7),
	(270, 'N000000000157', 0, 7),
	(271, 'N618800330533', 0, 7),
	(272, 'N000000000158', 0, 7),
	(273, 'N000000000159', 0, 7),
	(274, 'N000000000160', 0, 7),
	(275, 'N000000000161', 0, 7),
	(276, '9788890893010', 0, 8),
	(277, 'N000000000162', 0, 8),
	(278, 'N000000000163', 0, 8),
	(279, 'N000000000163', 0, 8),
	(280, 'N000000000163', 0, 8),
	(281, 'N000000000163', 0, 8),
	(282, 'N000000000164', 0, 8),
	(283, 'N628889444002', 0, 8),
	(284, 'N000000000165', 0, 8),
	(285, 'N000000000166', 0, 8),
	(286, 'N000000000166', 0, 8),
	(287, 'N638870970124', 0, 8),
	(288, '9788889672327', 0, 8),
	(289, 'N000000000167', 0, 8),
	(290, 'N000000000168', 0, 8),
	(291, 'N000000000169', 0, 8),
	(292, 'N000000000170', 0, 8),
	(293, 'N000000000170', 0, 8),
	(294, 'N000000000171', 0, 2),
	(295, 'N000000000172', 0, 2),
	(296, '9788817051699', 0, 2),
	(297, 'N648806125656', 0, 2),
	(298, 'N658824452280', 0, 2),
	(299, 'N668806123130', 0, 2),
	(300, 'N000000000173', 0, 2),
	(301, 'N000000000174', 0, 2),
	(302, '9788811740803', 0, 2),
	(303, 'N678808099164', 0, 2),
	(304, 'N000000000175', 0, 2),
	(305, 'N000000000176', 0, 2),
	(306, 'N000000000177', 0, 2),
	(307, 'N688806179802', 0, 2),
	(308, 'N000000000178', 0, 2),
	(309, 'N000000000179', 0, 2),
	(310, 'N000000000180', 0, 2),
	(311, 'N000000000181', 0, 2),
	(312, 'N000000000182', 0, 4),
	(313, 'N000000000183', 0, 4),
	(314, 'N000000000183', 0, 4),
	(315, 'N000000000183', 0, 4),
	(316, 'N000000000184', 0, 4),
	(317, 'N000000000184', 0, 4),
	(318, 'N000000000184', 0, 4),
	(319, 'N000000000184', 0, 4),
	(320, 'N000000000184', 0, 4),
	(321, 'N000000000184', 0, 4),
	(322, 'N000000000184', 0, 4),
	(323, 'N000000000184', 0, 4),
	(324, 'N000000000184', 0, 4),
	(325, 'N000000000184', 0, 4),
	(326, 'N000000000185', 0, 4),
	(327, 'N000000000186', 0, 4),
	(328, 'N698890176717', 0, 4),
	(329, 'N000000000187', 0, 4),
	(330, 'N708860600421', 0, 4),
	(331, 'N000000000188', 0, 4),
	(332, 'N388896721100', 0, 4),
	(333, 'N000000000189', 0, 4),
	(334, 'N000000000190', 0, 4),
	(335, 'N000000000191', 0, 4),
	(336, 'N000000000191', 0, 4),
	(337, 'N000000000191', 0, 4),
	(338, 'N000000000192', 0, 3),
	(339, 'N000000000193', 0, 3),
	(340, 'N000000000194', 0, 3),
	(341, 'N000000000195', 0, 3),
	(342, 'N000000000196', 0, 4),
	(343, 'N000000000196', 0, 4),
	(344, 'N000000000196', 0, 4),
	(345, 'N000000000197', 0, 4),
	(346, 'N000000000198', 0, 4),
	(347, 'N000000000198', 0, 4),
	(348, 'N000000000199', 0, 4),
	(349, 'N000000000200', 0, 4),
	(350, 'N000000000201', 0, 4),
	(351, 'N000000000201', 0, 4),
	(352, 'N000000000201', 0, 4),
	(353, 'N000000000202', 0, 4),
	(354, 'N000000000202', 0, 4),
	(355, 'N000000000203', 0, 4),
	(356, 'N000000000204', 0, 4),
	(357, 'N718871400054', 0, 4),
	(358, 'N000000000205', 0, 4),
	(359, 'N000000000206', 0, 3),
	(360, 'N728873800440', 0, 3),
	(361, 'N003887380070', 0, 3),
	(362, 'N000000000207', 0, 3),
	(363, 'N000000000208', 0, 3),
	(364, 'N000000000209', 0, 3),
	(365, 'N000000000210', 0, 3),
	(366, 'N000000000211', 0, 5),
	(367, 'N000000000212', 0, 5),
	(368, 'N000000000213', 0, 5),
	(369, 'N738804556595', 0, 5),
	(370, 'N000000000214', 0, 5),
	(371, '9788863940510', 0, 5),
	(372, 'N000000000215', 0, 5),
	(373, 'N000000000216', 0, 5),
	(374, 'N000000000217', 0, 5),
	(375, 'N000000000218', 0, 5),
	(376, 'N749788890405', 0, 5),
	(377, 'N000000000219', 0, 5),
	(378, 'N000000000220', 0, 5),
	(379, 'N75888604237X', 0, 5),
	(380, 'N000000000221', 0, 5),
	(381, 'N000000000222', 0, 5),
	(382, 'N000000000223', 0, 5),
	(383, 'N000000000224', 0, 5),
	(384, 'N000000000225', 0, 5),
	(385, 'N000000000226', 0, 5),
	(386, '9788817047487', 0, 5),
	(387, 'N768888249117', 0, 5),
	(388, '9788849218916', 0, 8),
	(389, 'N000000000227', 0, 8),
	(390, 'N000000000228', 0, 8),
	(391, 'N000000000229', 0, 8),
	(392, 'N000000000230', 0, 8),
	(393, 'N000000000231', 0, 8),
	(394, 'N000000000232', 0, 8),
	(395, 'N778871400224', 0, 8),
	(396, 'N788871400038', 0, 8),
	(397, 'N000000000233', 0, 8),
	(398, 'N000000000233', 0, 8),
	(399, 'N000000000234', 0, 8),
	(400, 'N798871400275', 0, 8),
	(401, 'N000000000235', 0, 8),
	(402, 'N000000000236', 0, 8),
	(403, 'N000000000236', 0, 8),
	(404, 'N000000000236', 0, 8),
	(405, 'N808873800777', 0, 8),
	(406, 'N000000000237', 0, 8),
	(407, 'N000000000238', 0, 8),
	(408, 'N000000000239', 0, 8),
	(409, 'N000000000240', 0, 8),
	(410, 'N000000000241', 0, 8),
	(411, 'N818805012475', 0, 8),
	(412, 'N000000000242', 0, 8),
	(413, '9788824011730', 0, 8),
	(414, '9788898220496', 0, 8),
	(415, 'N000000000243', 0, 8),
	(416, 'N000000000244', 0, 8),
	(417, 'N828811040426', 0, 8),
	(418, 'N828811040426', 0, 8),
	(419, 'N838841514485', 0, 8),
	(420, 'N000000000245', 0, 8),
	(421, 'N000000000246', 0, 8),
	(422, 'N000000000247', 0, 8),
	(423, 'N848874486456', 0, 8),
	(424, 'N000000000248', 0, 8),
	(425, 'N000013944204', 0, 8),
	(426, 'N000000000249', 0, 8),
	(427, 'N000000000250', 0, 8),
	(428, 'N000000000251', 0, 8),
	(429, 'N000000000252', 0, 8),
	(430, 'N000000000252', 0, 8),
	(431, 'N000000000253', 0, 8),
	(432, 'N858882895866', 0, 8),
	(433, 'N000000000254', 0, 8),
	(434, 'N000000000255', 0, 8),
	(435, 'N000000000256', 0, 8),
	(436, 'N000000000257', 0, 8),
	(437, 'N000000000258', 0, 8),
	(438, 'N000000000259', 0, 8),
	(439, 'N000000000259', 0, 8),
	(440, 'N000000000259', 0, 8),
	(441, 'N000000000259', 0, 8),
	(442, 'N000000000259', 0, 8),
	(443, 'N868889444002', 0, 8),
	(444, 'N000000000260', 0, 8),
	(445, 'N878889444045', 0, 8),
	(446, 'N000000000261', 0, 8),
	(447, 'N000000000262', 0, 8),
	(448, 'N000000000262', 0, 8),
	(449, '9788889999813', 0, 8),
	(450, 'N000000000263', 0, 8),
	(451, 'N000000000264', 0, 8),
	(452, 'N000000000265', 0, 8),
	(453, 'N000000000266', 0, 8),
	(454, 'N000000000267', 0, 8),
	(455, '9788890893001', 0, 8),
	(456, 'N888870970124', 0, 8),
	(457, 'N000000000268', 0, 8),
	(458, 'N000000000269', 0, 8),
	(459, '9788860603739', 0, 8),
	(460, 'N000000000270', 0, 8),
	(461, 'N000000000271', 0, 8),
	(462, 'N898805012475', 0, 8),
	(463, 'N000000000272', 0, 8),
	(464, 'N000000000273', 0, 9),
	(465, 'N000000000274', 0, 9),
	(466, 'N000000000275', 0, 9),
	(467, 'N000000000276', 0, 9),
	(468, 'N000000000277', 0, 9),
	(469, 'N000000000278', 0, 9),
	(470, 'N000000000279', 0, 9),
	(471, 'N000000000280', 0, 9),
	(472, 'N000000000281', 0, 9),
	(473, 'N000000000282', 0, 9),
	(474, 'N000000000283', 0, 9),
	(475, 'N000000000284', 0, 9),
	(476, 'N000000000285', 0, 9),
	(477, 'N000000000286', 0, 9),
	(478, 'N000000000287', 0, 9),
	(479, 'N000000000288', 0, 9),
	(480, 'N000000000289', 0, 9),
	(481, 'N000000000290', 0, 9),
	(482, 'N000000000291', 0, 9),
	(483, 'N000000000292', 0, 9),
	(484, 'N000000000293', 0, 9),
	(485, 'N000000000294', 0, 9),
	(486, 'N000000000295', 0, 9),
	(487, 'N000000000296', 0, 9),
	(488, '9771824928313', 0, 9),
	(489, 'N000000000297', 0, 9);